site_id,gene,aa_position,site_label,wt_aa,adapted_aa,direction,denominator,numerator_all,numerator_subconsensus,prevalence_all,prevalence_subconsensus,ci_95_low,ci_95_high,ci_sub_95_low,ci_sub_95_high,p_value,significant_bonferroni,max_af,median_af,cattle_denom,cattle_n_all,cattle_n_sub,cattle_prev,feline_denom,feline_n_all,feline_n_sub,feline_prev,retail_milk_denom,retail_milk_n_all,retail_milk_n_sub,retail_milk_prev
S01,PB2,627,PB2-627,E,K,forward,4228,91,11,0.02152317880794702,0.002601702932828761,0.017363648914872513,0.026360683781912895,0.0012994539620115688,0.004650386008066772,0.0,True,1.0,0.998665,4130,91,11,0.022033898305084745,90,0,0,0.0,8,0,0,0.0
S02,PB2,701,PB2-701,D,N,forward,4375,15,5,0.0034285714285714284,0.001142857142857143,0.0019201761667563635,0.005648611950807017,0.0003711834378442913,0.002665015298528909,3.0742308050754848e-108,True,1.0,0.999018,4269,15,5,0.0035137034434293743,97,0,0,0.0,9,0,0,0.0
S03,PB2,591,PB2-591,Q,K,forward,4228,4,2,0.000946073793755913,0.0004730368968779565,0.00025783151856234034,0.0024205371855723907,5.7292097449962447e-05,0.0017077164488672346,1.3295725616132727e-27,True,1.0,0.529382775,4129,4,2,0.0009687575684185032,91,0,0,0.0,8,0,0,0.0
S04,PB2,271,PB2-271,T,A,forward,4051,0,0,0.0,0.0,0.0,0.0015228546088750239,0.0,0.0015228546088750239,1.0,False,0.0,0.0,3957,0,0,0.0,86,0,0,0.0,8,0,0,0.0
S05,PB2,631,PB2-631,M,L,reversion,4228,23,2,0.005439924314096499,0.0004730368968779565,0.003451477393023357,0.0081514414516036,5.7292097449962447e-05,0.0017077164488672346,9.174361788843753e-170,True,1.0,0.9984310000000001,4128,20,0,0.0048449612403100775,92,3,2,0.03260869565217391,8,0,0,0.0
S06,PA,497,PA-497,K,R,reversion,4275,127,9,0.029707602339181287,0.002105263157894737,0.024824729395970312,0.0352462139269073,0.0009630981236383078,0.003992666805412782,0.0,True,1.0,0.9984245,4173,120,8,0.02875629043853343,94,7,1,0.07446808510638298,8,0,0,0.0
S07,HA,238,HA-238 (H3-226),Q,L,forward,4356,0,0,0.0,0.0,0.0,0.0014163023639205408,0.0,0.0014163023639205408,1.0,False,0.0,0.0,4253,0,0,0.0,94,0,0,0.0,9,0,0,0.0
S08,HA,240,HA-240 (H3-228),G,S,forward,4381,0,0,0.0,0.0,0.0,0.0014082259849131917,0.0,0.0014082259849131917,1.0,False,0.0,0.0,4278,0,0,0.0,94,0,0,0.0,9,0,0,0.0
S09,PB1-F2,66,PB1-F2-66,N,S,forward,3660,6,6,0.001639344262295082,0.001639344262295082,0.0006018405762971477,0.0035647220681027545,0.0006018405762971477,0.0035647220681027545,3.324857925991609e-42,True,0.1196895,0.0605409,3559,6,6,0.0016858668165214948,92,0,0,0.0,9,0,0,0.0
S10,NS1,92,NS1-92,D,E,forward,4542,0,0,0.0,0.0,0.0,0.0013583426014200928,0.0,0.0013583426014200928,1.0,False,0.0,0.0,4433,0,0,0.0,98,0,0,0.0,11,0,0,0.0
S11,M2,31,M2-31,S,N,forward,4548,17,17,0.0037379067722075636,0.0037379067722075636,0.002178930036399936,0.005978026595257467,0.002178930036399936,0.005978026595257467,4.1579235435293566e-123,True,0.44334799999999996,0.0514721,4439,17,17,0.003829691371930615,98,0,0,0.0,11,0,0,0.0
