site_id,gene,aa_position,wt_aa,adapted_aa,direction,classification,sample,chrom,nt_position,ref_nt,alt_nt,af_ivar,af_lofreq,af_mean,depth_ivar,depth_lofreq,is_subconsensus
S01,PB2,627,E,K,forward,adaptation,SRR33124627,PP755964.1,1879,G,A,1.0,0.998392,0.999196,366,622,False
S01,PB2,627,E,K,forward,adaptation,SRR32973949,PP755964.1,1879,G,A,0.98874,0.986993,0.9878665,5062,12762,False
S01,PB2,627,E,K,forward,adaptation,SRR33993030,PP755964.1,1879,G,A,0.999216,0.997902,0.998559,1276,1430,False
S01,PB2,627,E,K,forward,adaptation,SRR33369821,PP755964.1,1879,G,A,1.0,1.0,1.0,387,461,False
S01,PB2,627,E,K,forward,adaptation,SRR32973856,PP755964.1,1879,G,A,1.0,0.997717,0.9988585,386,438,False
S01,PB2,627,E,K,forward,adaptation,SRR34712514,PP755964.1,1879,G,A,1.0,1.0,1.0,432,513,False
S01,PB2,627,E,K,forward,adaptation,SRR33124629,PP755964.1,1879,G,A,1.0,0.998101,0.9990505000000001,606,1053,False
S01,PB2,627,E,K,forward,adaptation,SRR32415236,PP755964.1,1879,G,A,1.0,0.992424,0.996212,107,132,False
S01,PB2,627,E,K,forward,adaptation,SRR33681790,PP755964.1,1879,G,A,0.999405,0.9977,0.9985525,3364,4348,False
S01,PB2,627,E,K,forward,adaptation,SRR32804462,PP755964.1,1879,G,A,1.0,0.995434,0.997717,397,438,False
S01,PB2,627,E,K,forward,adaptation,SRR32973953,PP755964.1,1879,G,A,0.997303,0.996407,0.996855,4820,11689,False
S01,PB2,627,E,K,forward,adaptation,SRR34270149,PP755964.1,1879,G,A,0.99921,0.997045,0.9981275000000001,2531,4737,False
S01,PB2,627,E,K,forward,adaptation,SRR33369819,PP755964.1,1879,G,A,1.0,0.99453,0.9972650000000001,738,914,False
S01,PB2,627,E,K,forward,adaptation,SRR33318623,PP755964.1,1879,G,A,0.033195,0.039792,0.0364935,482,578,True
S01,PB2,627,E,K,forward,adaptation,SRR33124611,PP755964.1,1879,G,A,1.0,0.998555,0.9992775,438,692,False
S01,PB2,627,E,K,forward,adaptation,SRR32633084,PP755964.1,1879,G,A,0.99896,0.994413,0.9966865,962,1074,False
S01,PB2,627,E,K,forward,adaptation,SRR33681792,PP755964.1,1879,G,A,1.0,0.996605,0.9983025,2032,2651,False
S01,PB2,627,E,K,forward,adaptation,SRR33369795,PP755964.1,1879,G,A,0.999508,0.993312,0.99641,2034,2542,False
S01,PB2,627,E,K,forward,adaptation,SRR32633074,PP755964.1,1879,G,A,0.999219,0.996169,0.997694,3840,4438,False
S01,PB2,627,E,K,forward,adaptation,SRR32633070,PP755964.1,1879,G,A,0.999145,0.995543,0.997344,3508,4039,False
S01,PB2,627,E,K,forward,adaptation,SRR34270175,PP755964.1,1879,G,A,0.999447,0.996985,0.998216,1808,1990,False
S01,PB2,627,E,K,forward,adaptation,SRR33681788,PP755964.1,1879,G,A,1.0,0.998099,0.9990494999999999,1311,1578,False
S01,PB2,627,E,K,forward,adaptation,SRR32973959,PP755964.1,1879,G,A,0.416465,0.414623,0.415544,5794,14676,True
S01,PB2,627,E,K,forward,adaptation,SRR32633095,PP755964.1,1879,G,A,1.0,0.998213,0.9991065,1990,2239,False
S01,PB2,627,E,K,forward,adaptation,SRR32973864,PP755964.1,1879,G,A,1.0,0.99859,0.999295,2292,2837,False
S01,PB2,627,E,K,forward,adaptation,SRR33830399,PP755964.1,1879,G,A,1.0,0.994565,0.9972825000000001,310,368,False
S01,PB2,627,E,K,forward,adaptation,SRR32633072,PP755964.1,1879,G,A,1.0,0.997721,0.9988604999999999,2703,3072,False
S01,PB2,627,E,K,forward,adaptation,SRR29953257,PP755964.1,1879,G,A,0.0911175,0.088341,0.08972925000000001,1745,1947,True
S01,PB2,627,E,K,forward,adaptation,SRR33565441,PP755964.1,1879,G,A,1.0,0.995427,0.9977134999999999,563,656,False
S01,PB2,627,E,K,forward,adaptation,SRR29740676,PP755964.1,1879,G,A,0.0261438,0.034483,0.030313399999999997,153,203,True
S01,PB2,627,E,K,forward,adaptation,SRR32512915,PP755964.1,1879,G,A,1.0,0.998187,0.9990935000000001,963,1103,False
S01,PB2,627,E,K,forward,adaptation,SRR34425689,PP755964.1,1879,G,A,1.0,0.995652,0.997826,201,230,False
S01,PB2,627,E,K,forward,adaptation,SRR33993049,PP755964.1,1879,G,A,1.0,1.0,1.0,863,933,False
S01,PB2,627,E,K,forward,adaptation,SRR33681785,PP755964.1,1879,G,A,0.99869,0.997944,0.998317,1527,1946,False
S01,PB2,627,E,K,forward,adaptation,SRR32512948,PP755964.1,1879,G,A,0.991379,0.986877,0.989128,696,762,False
S01,PB2,627,E,K,forward,adaptation,SRR33369817,PP755964.1,1879,G,A,0.999667,0.995653,0.99766,3005,3681,False
S01,PB2,627,E,K,forward,adaptation,SRR34270178,PP755964.1,1879,G,A,1.0,0.998103,0.9990515,1916,2109,False
S01,PB2,627,E,K,forward,adaptation,SRR34270176,PP755964.1,1879,G,A,1.0,0.998084,0.999042,1474,1566,False
S01,PB2,627,E,K,forward,adaptation,SRR33124612,PP755964.1,1879,G,A,1.0,0.997428,0.998714,1607,2722,False
S01,PB2,627,E,K,forward,adaptation,SRR33993029,PP755964.1,1879,G,A,1.0,0.999605,0.9998024999999999,2095,2529,False
S01,PB2,627,E,K,forward,adaptation,SRR32006816,PP755964.1,1879,G,A,0.0897833,0.105263,0.09752315,323,342,True
S01,PB2,627,E,K,forward,adaptation,SRR32512917,PP755964.1,1879,G,A,0.999206,0.997161,0.9981835,1259,1409,False
S01,PB2,627,E,K,forward,adaptation,SRR33943322,PP755964.1,1879,G,A,1.0,0.998154,0.999077,2347,2709,False
S01,PB2,627,E,K,forward,adaptation,SRR32512916,PP755964.1,1879,G,A,1.0,0.998294,0.999147,532,586,False
S01,PB2,627,E,K,forward,adaptation,SRR33943320,PP755964.1,1879,G,A,1.0,0.999457,0.9997285,1619,1842,False
S01,PB2,627,E,K,forward,adaptation,SRR32415278,PP755964.1,1879,G,A,0.996503,0.99446,0.9954815,286,361,False
S01,PB2,627,E,K,forward,adaptation,SRR32973852,PP755964.1,1879,G,A,1.0,0.999364,0.999682,1368,1572,False
S01,PB2,627,E,K,forward,adaptation,SRR33681787,PP755964.1,1879,G,A,1.0,1.0,1.0,1679,2066,False
S01,PB2,627,E,K,forward,adaptation,SRR32415234,PP755964.1,1879,G,A,1.0,0.997085,0.9985425,284,343,False
S01,PB2,627,E,K,forward,adaptation,SRR31597304,PP755964.1,1879,G,A,0.228296,0.224189,0.2262425,311,339,True
S01,PB2,627,E,K,forward,adaptation,SRR35150513,PP755964.1,1879,G,A,1.0,0.99911,0.999555,944,1123,False
S01,PB2,627,E,K,forward,adaptation,SRR32868674,PP755964.1,1879,G,A,1.0,1.0,1.0,175,204,False
S01,PB2,627,E,K,forward,adaptation,SRR33369818,PP755964.1,1879,G,A,0.999343,0.996288,0.9978155,1522,1886,False
S01,PB2,627,E,K,forward,adaptation,SRR32973862,PP755964.1,1879,G,A,1.0,0.998986,0.999493,3263,3945,False
S01,PB2,627,E,K,forward,adaptation,SRR31597305,PP755964.1,1879,G,A,0.0515604,0.047506,0.0495332,737,842,True
S01,PB2,627,E,K,forward,adaptation,SRR29543323,PP755964.1,1879,G,A,0.0579931,0.05438,0.05618655,2621,3071,True
S01,PB2,627,E,K,forward,adaptation,SRR32633069,PP755964.1,1879,G,A,1.0,0.997106,0.998553,619,691,False
S01,PB2,627,E,K,forward,adaptation,SRR32415277,PP755964.1,1879,G,A,1.0,1.0,1.0,161,186,False
S01,PB2,627,E,K,forward,adaptation,SRR33124625,PP755964.1,1879,G,A,0.998459,0.995404,0.9969315,649,1088,False
S01,PB2,627,E,K,forward,adaptation,SRR33943321,PP755964.1,1879,G,A,1.0,0.998481,0.9992405,1734,1975,False
S01,PB2,627,E,K,forward,adaptation,SRR33029767,PP755964.1,1879,G,A,1.0,1.0,1.0,195,230,False
S01,PB2,627,E,K,forward,adaptation,SRR33681784,PP755964.1,1879,G,A,0.961217,0.958607,0.959912,2991,3503,False
S01,PB2,627,E,K,forward,adaptation,SRR32973954,PP755964.1,1879,G,A,0.998704,0.997243,0.9979735000000001,3858,7253,False
S01,PB2,627,E,K,forward,adaptation,SRR34270177,PP755964.1,1879,G,A,1.0,0.998567,0.9992835,1317,1396,False
S01,PB2,627,E,K,forward,adaptation,SRR28752559,PP755964.1,1879,G,A,0.329086,0.334117,0.3316015,2747,2978,True
S01,PB2,627,E,K,forward,adaptation,SRR29377849,PP755964.1,1879,G,A,0.135484,0.129496,0.13249,155,139,True
S01,PB2,627,E,K,forward,adaptation,SRR32973950,PP755964.1,1879,G,A,0.998403,0.996659,0.997531,5010,12271,False
S01,PB2,627,E,K,forward,adaptation,SRR34270171,PP755964.1,1879,G,A,0.993103,0.991432,0.9922675,435,817,False
S01,PB2,627,E,K,forward,adaptation,SRR33565442,PP755964.1,1879,G,A,1.0,0.99733,0.998665,1646,1873,False
S01,PB2,627,E,K,forward,adaptation,SRR33681783,PP755964.1,1879,G,A,0.999702,0.996982,0.9983420000000001,3354,4307,False
S01,PB2,627,E,K,forward,adaptation,SRR32804473,PP755964.1,1879,G,A,1.0,1.0,1.0,143,159,False
S01,PB2,627,E,K,forward,adaptation,SRR32415235,PP755964.1,1879,G,A,1.0,1.0,1.0,118,140,False
S01,PB2,627,E,K,forward,adaptation,SRR34784295,PP755964.1,1879,G,A,1.0,0.998643,0.9993215,711,737,False
S01,PB2,627,E,K,forward,adaptation,SRR32868672,PP755964.1,1879,G,A,1.0,0.999022,0.999511,842,1022,False
S01,PB2,627,E,K,forward,adaptation,SRR34784296,PP755964.1,1879,G,A,1.0,1.0,1.0,790,878,False
S01,PB2,627,E,K,forward,adaptation,SRR33943319,PP755964.1,1879,G,A,1.0,0.999154,0.9995769999999999,2174,2365,False
S01,PB2,627,E,K,forward,adaptation,SRR32973863,PP755964.1,1879,G,A,1.0,1.0,1.0,118,147,False
S01,PB2,627,E,K,forward,adaptation,SRR32633071,PP755964.1,1879,G,A,1.0,0.998134,0.9990669999999999,457,536,False
S01,PB2,627,E,K,forward,adaptation,SRR33681791,PP755964.1,1879,G,A,1.0,0.999542,0.999771,3452,4364,False
S01,PB2,627,E,K,forward,adaptation,SRR32973854,PP755964.1,1879,G,A,1.0,0.998571,0.9992855,624,700,False
S01,PB2,627,E,K,forward,adaptation,SRR32868673,PP755964.1,1879,G,A,1.0,1.0,1.0,531,659,False
S01,PB2,627,E,K,forward,adaptation,SRR32512914,PP755964.1,1879,G,A,1.0,0.997653,0.9988265000000001,1093,1278,False
S01,PB2,627,E,K,forward,adaptation,SRR33993044,PP755964.1,1879,G,A,1.0,1.0,1.0,155,173,False
S01,PB2,627,E,K,forward,adaptation,SRR31821068,PP755964.1,1879,G,A,0.0521376,0.051716,0.051926799999999995,1918,2243,True
S01,PB2,627,E,K,forward,adaptation,SRR32973853,PP755964.1,1879,G,A,1.0,0.99894,0.9994700000000001,1660,1887,False
S01,PB2,627,E,K,forward,adaptation,SRR32973855,PP755964.1,1879,G,A,1.0,0.997669,0.9988345000000001,728,858,False
S01,PB2,627,E,K,forward,adaptation,SRR33124613,PP755964.1,1879,G,A,1.0,0.996614,0.998307,1061,1772,False
S01,PB2,627,E,K,forward,adaptation,SRR33124626,PP755964.1,1879,G,A,1.0,0.998792,0.999396,490,828,False
S01,PB2,627,E,K,forward,adaptation,SRR32973952,PP755964.1,1879,G,A,0.997147,0.995166,0.9961565,5257,14689,False
S01,PB2,627,E,K,forward,adaptation,SRR32633073,PP755964.1,1879,G,A,0.998485,0.99343,0.9959575,2641,3044,False
S01,PB2,627,E,K,forward,adaptation,SRR34712528,PP755964.1,1879,G,A,1.0,1.0,1.0,154,166,False
S02,PB2,701,D,N,forward,adaptation,SRR33124639,PP755964.1,2101,G,A,0.472727,0.486391,0.479559,495,845,True
S02,PB2,701,D,N,forward,adaptation,SRR32654100,PP755964.1,2101,G,A,1.0,1.0,1.0,211,262,False
S02,PB2,701,D,N,forward,adaptation,SRR33030014,PP755964.1,2101,G,A,1.0,0.998871,0.9994354999999999,746,886,False
S02,PB2,701,D,N,forward,adaptation,SRR30811324,PP755964.1,2101,G,A,0.0407569,0.042767,0.04176195,687,795,True
S02,PB2,701,D,N,forward,adaptation,SRR32254304,PP755964.1,2101,G,A,1.0,1.0,1.0,942,1301,False
S02,PB2,701,D,N,forward,adaptation,SRR33476829,PP755964.1,2101,G,A,1.0,0.998665,0.9993325,1279,1498,False
S02,PB2,701,D,N,forward,adaptation,SRR32654102,PP755964.1,2101,G,A,0.997932,0.971235,0.9845835000000001,1451,1182,False
S02,PB2,701,D,N,forward,adaptation,SRR32654103,PP755964.1,2101,G,A,1.0,0.998382,0.9991909999999999,529,618,False
S02,PB2,701,D,N,forward,adaptation,SRR28912811,PP755964.1,2101,G,A,0.0308839,0.032194,0.031538949999999996,1878,2019,True
S02,PB2,701,D,N,forward,adaptation,SRR35088969,PP755964.1,2101,G,A,0.123648,0.131148,0.12739799999999998,647,732,True
S02,PB2,701,D,N,forward,adaptation,SRR32254302,PP755964.1,2101,G,A,1.0,1.0,1.0,648,851,False
S02,PB2,701,D,N,forward,adaptation,SRR32654105,PP755964.1,2101,G,A,1.0,0.998036,0.999018,4975,5091,False
S02,PB2,701,D,N,forward,adaptation,SRR33124640,PP755964.1,2101,G,A,0.159341,0.157285,0.158313,364,604,True
S02,PB2,701,D,N,forward,adaptation,SRR32254303,PP755964.1,2101,G,A,1.0,0.998729,0.9993645,595,787,False
S02,PB2,701,D,N,forward,adaptation,SRR32654101,PP755964.1,2101,G,A,0.992188,0.997773,0.9949805,384,449,False
S03,PB2,591,Q,K,forward,adaptation,SRR31605016,PP755964.1,1771,C,A,1.0,0.997015,0.9985075,1168,1340,False
S03,PB2,591,Q,K,forward,adaptation,SRR29377849,PP755964.1,1771,C,A,0.0645161,0.056,0.06025805000000001,124,125,True
S03,PB2,591,Q,K,forward,adaptation,SRR31605207,PP755964.1,1771,C,A,0.0490798,0.048913,0.048996399999999996,326,368,True
S03,PB2,591,Q,K,forward,adaptation,SRR30811325,PP755964.1,1771,C,A,1.0,1.0,1.0,343,410,False
S05,PB2,631,M,L,reversion,reversion_to_wildtype,SRR34709337,PP755964.1,1891,C,A,1.0,0.993958,0.9969790000000001,288,331,False
S05,PB2,631,M,L,reversion,reversion_to_wildtype,SRR32415932,PP755964.1,1891,C,A,1.0,0.9982,0.9991,1084,1111,False
S05,PB2,631,M,L,reversion,reversion_to_wildtype,SRR33319085,PP755964.1,1891,C,A,1.0,0.998276,0.9991380000000001,1901,2320,False
S05,PB2,631,M,L,reversion,reversion_to_wildtype,SRR31885839,PP755964.1,1891,C,A,0.0606951,0.063091,0.06189305,2043,2219,True
S05,PB2,631,M,L,reversion,reversion_to_wildtype,SRR32654100,PP755964.1,1891,C,A,1.0,0.995614,0.997807,192,228,False
S05,PB2,631,M,L,reversion,reversion_to_wildtype,SRR33030014,PP755964.1,1891,C,A,1.0,0.996862,0.9984310000000001,844,956,False
S05,PB2,631,M,L,reversion,reversion_to_wildtype,SRR33764593,PP755964.1,1891,C,A,1.0,1.0,1.0,109,140,False
S05,PB2,631,M,L,reversion,reversion_to_wildtype,SRR28834930,PP755964.1,1891,C,A,0.993976,0.991266,0.992621,332,458,False
S05,PB2,631,M,L,reversion,reversion_to_wildtype,SRR32254304,PP755964.1,1891,C,A,1.0,0.997436,0.998718,869,1170,False
S05,PB2,631,M,L,reversion,reversion_to_wildtype,SRR33476829,PP755964.1,1891,C,A,1.0,0.994914,0.997457,1383,1573,False
S05,PB2,631,M,L,reversion,reversion_to_wildtype,SRR32654103,PP755964.1,1891,C,A,1.0,1.0,1.0,469,557,False
S05,PB2,631,M,L,reversion,reversion_to_wildtype,SRR32254302,PP755964.1,1891,C,A,1.0,0.998979,0.9994894999999999,742,979,False
S05,PB2,631,M,L,reversion,reversion_to_wildtype,SRR33993166,PP755964.1,1891,C,A,0.99908,0.996137,0.9976085,2174,2330,False
S05,PB2,631,M,L,reversion,reversion_to_wildtype,SRR32654105,PP755964.1,1891,C,A,0.998779,0.992395,0.995587,4913,5260,False
S05,PB2,631,M,L,reversion,reversion_to_wildtype,SRR32512685,PP755964.1,1891,C,A,1.0,0.996245,0.9981225,1609,1864,False
S05,PB2,631,M,L,reversion,reversion_to_wildtype,SRR32512686,PP755964.1,1891,C,A,1.0,0.990909,0.9954545,184,220,False
S05,PB2,631,M,L,reversion,reversion_to_wildtype,SRR35150577,PP755964.1,1891,C,A,1.0,1.0,1.0,531,597,False
S05,PB2,631,M,L,reversion,reversion_to_wildtype,SRR32415931,PP755964.1,1891,C,A,1.0,1.0,1.0,182,176,False
S05,PB2,631,M,L,reversion,reversion_to_wildtype,SRR32415933,PP755964.1,1891,C,A,1.0,1.0,1.0,345,353,False
S05,PB2,631,M,L,reversion,reversion_to_wildtype,SRR32512683,PP755964.1,1891,C,A,1.0,0.999266,0.999633,1009,1363,False
S05,PB2,631,M,L,reversion,reversion_to_wildtype,SRR32254303,PP755964.1,1891,C,A,0.998347,0.994744,0.9965455,605,761,False
S05,PB2,631,M,L,reversion,reversion_to_wildtype,SRR29377893,PP755964.1,1891,C,A,0.0369863,0.034404,0.035695149999999995,730,872,True
S05,PB2,631,M,L,reversion,reversion_to_wildtype,SRR32654101,PP755964.1,1891,C,A,1.0,0.997396,0.998698,335,384,False
S06,PA,497,K,R,reversion,reversion_to_wildtype,SRR29953265,PP755962.1,1490,G,A,0.998633,0.998139,0.998386,1463,1612,False
S06,PA,497,K,R,reversion,reversion_to_wildtype,SRR29740753,PP755962.1,1490,G,A,1.0,0.996805,0.9984025000000001,247,313,False
S06,PA,497,K,R,reversion,reversion_to_wildtype,SRR29740689,PP755962.1,1490,G,A,0.998377,0.994505,0.9964409999999999,616,728,False
S06,PA,497,K,R,reversion,reversion_to_wildtype,SRR30572419,PP755962.1,1490,G,A,1.0,0.998501,0.9992505,617,667,False
S06,PA,497,K,R,reversion,reversion_to_wildtype,SRR29851688,PP755962.1,1490,G,A,1.0,0.99708,0.99854,630,685,False
S06,PA,497,K,R,reversion,reversion_to_wildtype,SRR28752600,PP755962.1,1490,G,A,0.993642,0.995257,0.9944495,1101,1476,False
S06,PA,497,K,R,reversion,reversion_to_wildtype,SRR29040297,PP755962.1,1490,G,A,0.998346,0.998019,0.9981825,1209,1514,False
S06,PA,497,K,R,reversion,reversion_to_wildtype,SRR28752631,PP755962.1,1490,G,A,0.989919,0.991079,0.990499,992,1121,False
S06,PA,497,K,R,reversion,reversion_to_wildtype,SRR28752593,PP755962.1,1490,G,A,1.0,1.0,1.0,260,447,False
S06,PA,497,K,R,reversion,reversion_to_wildtype,SRR28752603,PP755962.1,1490,G,A,0.997403,0.996499,0.996951,770,857,False
S06,PA,497,K,R,reversion,reversion_to_wildtype,SRR28752625,PP755962.1,1490,G,A,0.999676,0.999463,0.9995695,3090,3725,False
S06,PA,497,K,R,reversion,reversion_to_wildtype,SRR29455643,PP755962.1,1490,G,A,0.996503,0.997033,0.996768,286,337,False
S06,PA,497,K,R,reversion,reversion_to_wildtype,SRR31605087,PP755962.1,1490,G,A,0.0588235,0.052632,0.05572775,119,152,True
S06,PA,497,K,R,reversion,reversion_to_wildtype,SRR29281471,PP755962.1,1490,G,A,0.992754,0.993902,0.993328,138,164,False
S06,PA,497,K,R,reversion,reversion_to_wildtype,SRR29740751,PP755962.1,1490,G,A,0.998542,0.997531,0.9980365,686,810,False
S06,PA,497,K,R,reversion,reversion_to_wildtype,SRR28752479,PP755962.1,1490,G,A,0.989189,0.989744,0.9894665,185,195,False
S06,PA,497,K,R,reversion,reversion_to_wildtype,SRR28752629,PP755962.1,1490,G,A,0.994048,0.994709,0.9943785,168,189,False
S06,PA,497,K,R,reversion,reversion_to_wildtype,SRR28752596,PP755962.1,1490,G,A,0.99943,0.999323,0.9993765,1754,2956,False
S06,PA,497,K,R,reversion,reversion_to_wildtype,SRR28752590,PP755962.1,1490,G,A,0.997567,0.997808,0.9976875000000001,1233,2281,False
S06,PA,497,K,R,reversion,reversion_to_wildtype,SRR29740752,PP755962.1,1490,G,A,1.0,0.998821,0.9994105,665,848,False
S06,PA,497,K,R,reversion,reversion_to_wildtype,SRR31168538,PP755962.1,1490,G,A,0.994413,0.991266,0.9928395,179,229,False
S06,PA,497,K,R,reversion,reversion_to_wildtype,SRR29740738,PP755962.1,1490,G,A,0.997549,0.997866,0.9977075,1224,1406,False
S06,PA,497,K,R,reversion,reversion_to_wildtype,SRR29543389,PP755962.1,1490,G,A,0.994118,0.98939,0.991754,340,377,False
S06,PA,497,K,R,reversion,reversion_to_wildtype,SRR29455592,PP755962.1,1490,G,A,0.998645,0.999022,0.9988334999999999,738,1023,False
S06,PA,497,K,R,reversion,reversion_to_wildtype,SRR29455580,PP755962.1,1490,G,A,1.0,1.0,1.0,652,756,False
S06,PA,497,K,R,reversion,reversion_to_wildtype,SRR29455641,PP755962.1,1490,G,A,1.0,1.0,1.0,119,142,False
S06,PA,497,K,R,reversion,reversion_to_wildtype,SRR32973956,PP755962.1,1490,G,A,0.0815071,0.080439,0.08097304999999999,5202,15577,True
S06,PA,497,K,R,reversion,reversion_to_wildtype,SRR29740707,PP755962.1,1490,G,A,0.998775,0.998187,0.998481,3265,3860,False
S06,PA,497,K,R,reversion,reversion_to_wildtype,SRR28752512,PP755962.1,1490,G,A,0.0897833,0.093137,0.09146014999999999,323,408,True
S06,PA,497,K,R,reversion,reversion_to_wildtype,SRR28752478,PP755962.1,1490,G,A,0.996183,0.994746,0.9954645,524,571,False
S06,PA,497,K,R,reversion,reversion_to_wildtype,SRR29740706,PP755962.1,1490,G,A,1.0,0.999479,0.9997395,1683,1920,False
S06,PA,497,K,R,reversion,reversion_to_wildtype,SRR31605296,PP755962.1,1490,G,A,0.0675818,0.067797,0.0676894,947,1121,True
S06,PA,497,K,R,reversion,reversion_to_wildtype,SRR29543306,PP755962.1,1490,G,A,1.0,1.0,1.0,243,278,False
S06,PA,497,K,R,reversion,reversion_to_wildtype,SRR29455589,PP755962.1,1490,G,A,0.999286,0.99848,0.998883,4204,5264,False
S06,PA,497,K,R,reversion,reversion_to_wildtype,SRR28752510,PP755962.1,1490,G,A,0.176471,0.184697,0.180584,204,379,True
S06,PA,497,K,R,reversion,reversion_to_wildtype,SRR28834930,PP755962.1,1490,G,A,0.997101,0.995857,0.996479,690,1207,False
S06,PA,497,K,R,reversion,reversion_to_wildtype,SRR28752627,PP755962.1,1490,G,A,1.0,1.0,1.0,356,432,False
S06,PA,497,K,R,reversion,reversion_to_wildtype,SRR29851686,PP755962.1,1490,G,A,1.0,0.996276,0.998138,495,537,False
S06,PA,497,K,R,reversion,reversion_to_wildtype,SRR28752452,PP755962.1,1490,G,A,0.995,0.992745,0.9938724999999999,600,827,False
S06,PA,497,K,R,reversion,reversion_to_wildtype,SRR28752597,PP755962.1,1490,G,A,0.996491,0.996603,0.9965470000000001,855,1472,False
S06,PA,497,K,R,reversion,reversion_to_wildtype,SRR28752587,PP755962.1,1490,G,A,1.0,1.0,1.0,257,468,False
S06,PA,497,K,R,reversion,reversion_to_wildtype,SRR28752602,PP755962.1,1490,G,A,0.993983,0.994511,0.994247,831,1093,False
S06,PA,497,K,R,reversion,reversion_to_wildtype,SRR31168549,PP755962.1,1490,G,A,1.0,1.0,1.0,208,259,False
S06,PA,497,K,R,reversion,reversion_to_wildtype,SRR29455590,PP755962.1,1490,G,A,0.999693,0.9995,0.9995965,3262,4002,False
S06,PA,497,K,R,reversion,reversion_to_wildtype,SRR28752680,PP755962.1,1490,G,A,0.966292,0.971061,0.9686764999999999,178,311,False
S06,PA,497,K,R,reversion,reversion_to_wildtype,SRR28752623,PP755962.1,1490,G,A,1.0,1.0,1.0,1047,1368,False
S06,PA,497,K,R,reversion,reversion_to_wildtype,SRR29740741,PP755962.1,1490,G,A,1.0,0.996764,0.998382,263,309,False
S06,PA,497,K,R,reversion,reversion_to_wildtype,SRR28752518,PP755962.1,1490,G,A,1.0,1.0,1.0,237,398,False
S06,PA,497,K,R,reversion,reversion_to_wildtype,SRR28752628,PP755962.1,1490,G,A,1.0,1.0,1.0,486,532,False
S06,PA,497,K,R,reversion,reversion_to_wildtype,SRR28752646,PP755962.1,1490,G,A,0.996369,0.996631,0.9964999999999999,2754,2968,False
S06,PA,497,K,R,reversion,reversion_to_wildtype,SRR29851689,PP755962.1,1490,G,A,1.0,0.997019,0.9985094999999999,614,671,False
S06,PA,497,K,R,reversion,reversion_to_wildtype,SRR30572435,PP755962.1,1490,G,A,1.0,1.0,1.0,131,142,False
S06,PA,497,K,R,reversion,reversion_to_wildtype,SRR31820965,PP755962.1,1490,G,A,0.0496454,0.052632,0.051138699999999995,141,171,True
S06,PA,497,K,R,reversion,reversion_to_wildtype,SRR28752592,PP755962.1,1490,G,A,0.997561,0.997945,0.997753,820,1460,False
S06,PA,497,K,R,reversion,reversion_to_wildtype,SRR31016533,PP755962.1,1490,G,A,0.0333333,0.031566,0.03244965,690,792,True
S06,PA,497,K,R,reversion,reversion_to_wildtype,SRR29455602,PP755962.1,1490,G,A,0.998758,0.998879,0.9988185,805,892,False
S06,PA,497,K,R,reversion,reversion_to_wildtype,SRR28752648,PP755962.1,1490,G,A,0.996808,0.997061,0.9969345000000001,1253,1361,False
S06,PA,497,K,R,reversion,reversion_to_wildtype,SRR28752632,PP755962.1,1490,G,A,0.994987,0.992403,0.993695,1197,1448,False
S06,PA,497,K,R,reversion,reversion_to_wildtype,SRR29455624,PP755962.1,1490,G,A,1.0,1.0,1.0,420,480,False
S06,PA,497,K,R,reversion,reversion_to_wildtype,SRR28752630,PP755962.1,1490,G,A,1.0,1.0,1.0,553,650,False
S06,PA,497,K,R,reversion,reversion_to_wildtype,SRR28752453,PP755962.1,1490,G,A,0.913978,0.913444,0.9137109999999999,837,1086,False
S06,PA,497,K,R,reversion,reversion_to_wildtype,SRR29543376,PP755962.1,1490,G,A,0.974728,0.97692,0.975824,2295,2643,False
S06,PA,497,K,R,reversion,reversion_to_wildtype,SRR29455613,PP755962.1,1490,G,A,0.998049,0.997591,0.9978199999999999,3588,4151,False
S06,PA,497,K,R,reversion,reversion_to_wildtype,SRR29040275,PP755962.1,1490,G,A,1.0,0.999252,0.999626,1089,1337,False
S06,PA,497,K,R,reversion,reversion_to_wildtype,SRR29953263,PP755962.1,1490,G,A,1.0,1.0,1.0,918,1016,False
S06,PA,497,K,R,reversion,reversion_to_wildtype,SRR29740742,PP755962.1,1490,G,A,1.0,1.0,1.0,200,227,False
S06,PA,497,K,R,reversion,reversion_to_wildtype,SRR29953210,PP755962.1,1490,G,A,1.0,1.0,1.0,95,110,False
S06,PA,497,K,R,reversion,reversion_to_wildtype,SRR29455593,PP755962.1,1490,G,A,0.998723,0.997836,0.9982795,1566,1848,False
S06,PA,497,K,R,reversion,reversion_to_wildtype,SRR32973958,PP755962.1,1490,G,A,0.177541,0.175765,0.176653,2529,4836,True
S06,PA,497,K,R,reversion,reversion_to_wildtype,SRR29740740,PP755962.1,1490,G,A,0.999005,0.998236,0.9986205,1005,1134,False
S06,PA,497,K,R,reversion,reversion_to_wildtype,SRR28980989,PP755962.1,1490,G,A,0.999757,0.998789,0.9992730000000001,4121,4956,False
S06,PA,497,K,R,reversion,reversion_to_wildtype,SRR28752591,PP755962.1,1490,G,A,1.0,0.996024,0.998012,287,503,False
S06,PA,497,K,R,reversion,reversion_to_wildtype,SRR28752588,PP755962.1,1490,G,A,0.998333,0.999038,0.9986855,600,1040,False
S06,PA,497,K,R,reversion,reversion_to_wildtype,SRR29694577,PP755962.1,1490,G,A,1.0,0.995624,0.9978119999999999,2253,2514,False
S06,PA,497,K,R,reversion,reversion_to_wildtype,SRR28752519,PP755962.1,1490,G,A,1.0,0.997807,0.9989034999999999,248,456,False
S06,PA,497,K,R,reversion,reversion_to_wildtype,SRR29851687,PP755962.1,1490,G,A,1.0,0.994178,0.997089,619,687,False
S06,PA,497,K,R,reversion,reversion_to_wildtype,SRR29281449,PP755962.1,1490,G,A,1.0,0.997382,0.998691,315,382,False
S06,PA,497,K,R,reversion,reversion_to_wildtype,SRR29455645,PP755962.1,1490,G,A,1.0,1.0,1.0,133,147,False
S06,PA,497,K,R,reversion,reversion_to_wildtype,SRR29851693,PP755962.1,1490,G,A,1.0,1.0,1.0,323,334,False
S06,PA,497,K,R,reversion,reversion_to_wildtype,SRR29740674,PP755962.1,1490,G,A,0.999076,0.998115,0.9985955,3247,4244,False
S06,PA,497,K,R,reversion,reversion_to_wildtype,SRR29543307,PP755962.1,1490,G,A,1.0,1.0,1.0,464,554,False
S06,PA,497,K,R,reversion,reversion_to_wildtype,SRR28752517,PP755962.1,1490,G,A,1.0,1.0,1.0,336,602,False
S06,PA,497,K,R,reversion,reversion_to_wildtype,SRR28752633,PP755962.1,1490,G,A,0.997984,0.998175,0.9980795,1488,1644,False
S06,PA,497,K,R,reversion,reversion_to_wildtype,SRR29953243,PP755962.1,1490,G,A,0.997837,0.996613,0.997225,1849,2067,False
S06,PA,497,K,R,reversion,reversion_to_wildtype,SRR29543377,PP755962.1,1490,G,A,0.840796,0.838001,0.8393984999999999,2412,2821,False
S06,PA,497,K,R,reversion,reversion_to_wildtype,SRR28752516,PP755962.1,1490,G,A,1.0,1.0,1.0,350,632,False
S06,PA,497,K,R,reversion,reversion_to_wildtype,SRR29694576,PP755962.1,1490,G,A,1.0,1.0,1.0,234,251,False
S06,PA,497,K,R,reversion,reversion_to_wildtype,SRR29740696,PP755962.1,1490,G,A,0.999508,0.997562,0.998535,2034,2461,False
S06,PA,497,K,R,reversion,reversion_to_wildtype,SRR30572436,PP755962.1,1490,G,A,1.0,0.998433,0.9992165,1130,1276,False
S06,PA,497,K,R,reversion,reversion_to_wildtype,SRR33565457,PP755962.1,1490,G,A,0.981834,0.984428,0.983131,2312,4431,False
S06,PA,497,K,R,reversion,reversion_to_wildtype,SRR29694575,PP755962.1,1490,G,A,0.998348,0.99159,0.994969,1211,1308,False
S06,PA,497,K,R,reversion,reversion_to_wildtype,SRR29953221,PP755962.1,1490,G,A,1.0,1.0,1.0,200,236,False
S06,PA,497,K,R,reversion,reversion_to_wildtype,SRR29740743,PP755962.1,1490,G,A,1.0,1.0,1.0,998,1216,False
S06,PA,497,K,R,reversion,reversion_to_wildtype,SRR28980988,PP755962.1,1490,G,A,0.998534,0.997415,0.9979745,3411,4255,False
S06,PA,497,K,R,reversion,reversion_to_wildtype,SRR29543305,PP755962.1,1490,G,A,1.0,1.0,1.0,753,881,False
S06,PA,497,K,R,reversion,reversion_to_wildtype,SRR28752605,PP755962.1,1490,G,A,0.99187,0.993789,0.9928295,123,161,False
S06,PA,497,K,R,reversion,reversion_to_wildtype,SRR29543379,PP755962.1,1490,G,A,0.97593,0.974673,0.9753015,4113,4975,False
S06,PA,497,K,R,reversion,reversion_to_wildtype,SRR28752515,PP755962.1,1490,G,A,1.0,1.0,1.0,222,393,False
S06,PA,497,K,R,reversion,reversion_to_wildtype,SRR29953232,PP755962.1,1490,G,A,0.985583,0.985669,0.985626,5341,5931,False
S06,PA,497,K,R,reversion,reversion_to_wildtype,SRR29543378,PP755962.1,1490,G,A,0.805556,0.804773,0.8051645000000001,2556,3017,False
S06,PA,497,K,R,reversion,reversion_to_wildtype,SRR31168550,PP755962.1,1490,G,A,1.0,1.0,1.0,588,723,False
S06,PA,497,K,R,reversion,reversion_to_wildtype,SRR29455573,PP755962.1,1490,G,A,1.0,0.999277,0.9996385,1152,1383,False
S06,PA,497,K,R,reversion,reversion_to_wildtype,SRR31605231,PP755962.1,1490,G,A,0.0641026,0.063474,0.06378829999999999,780,898,True
S06,PA,497,K,R,reversion,reversion_to_wildtype,SRR28752601,PP755962.1,1490,G,A,0.982919,0.985667,0.984293,644,907,False
S06,PA,497,K,R,reversion,reversion_to_wildtype,SRR29455644,PP755962.1,1490,G,A,1.0,0.999705,0.9998525,2889,3391,False
S06,PA,497,K,R,reversion,reversion_to_wildtype,SRR28752585,PP755962.1,1490,G,A,0.998817,0.999336,0.9990764999999999,845,1505,False
S06,PA,497,K,R,reversion,reversion_to_wildtype,SRR28752681,PP755962.1,1490,G,A,0.896104,0.893617,0.8948605000000001,77,141,False
S06,PA,497,K,R,reversion,reversion_to_wildtype,SRR29040274,PP755962.1,1490,G,A,1.0,0.998302,0.999151,477,589,False
S06,PA,497,K,R,reversion,reversion_to_wildtype,SRR29455642,PP755962.1,1490,G,A,1.0,1.0,1.0,420,512,False
S06,PA,497,K,R,reversion,reversion_to_wildtype,SRR29740730,PP755962.1,1490,G,A,0.999001,0.99798,0.9984905,3004,3466,False
S06,PA,497,K,R,reversion,reversion_to_wildtype,SRR30572424,PP755962.1,1490,G,A,1.0,1.0,1.0,111,129,False
S06,PA,497,K,R,reversion,reversion_to_wildtype,SRR30572418,PP755962.1,1490,G,A,0.999331,0.997487,0.998409,1494,1592,False
S06,PA,497,K,R,reversion,reversion_to_wildtype,SRR29455635,PP755962.1,1490,G,A,1.0,1.0,1.0,170,196,False
S06,PA,497,K,R,reversion,reversion_to_wildtype,SRR30572420,PP755962.1,1490,G,A,1.0,1.0,1.0,153,168,False
S06,PA,497,K,R,reversion,reversion_to_wildtype,SRR29694486,PP755962.1,1490,G,A,1.0,0.993921,0.9969605,265,329,False
S06,PA,497,K,R,reversion,reversion_to_wildtype,SRR29953254,PP755962.1,1490,G,A,1.0,1.0,1.0,932,995,False
S06,PA,497,K,R,reversion,reversion_to_wildtype,SRR28752514,PP755962.1,1490,G,A,0.999176,0.999065,0.9991205,1213,2140,False
S06,PA,497,K,R,reversion,reversion_to_wildtype,SRR29694542,PP755962.1,1490,G,A,0.999704,0.999327,0.9995155,3379,4459,False
S06,PA,497,K,R,reversion,reversion_to_wildtype,SRR29455574,PP755962.1,1490,G,A,0.999032,0.997592,0.9983120000000001,1033,1246,False
S06,PA,497,K,R,reversion,reversion_to_wildtype,SRR29740685,PP755962.1,1490,G,A,1.0,0.998641,0.9993205000000001,2481,2944,False
S06,PA,497,K,R,reversion,reversion_to_wildtype,SRR28752594,PP755962.1,1490,G,A,0.993435,0.993346,0.9933905,914,1052,False
S06,PA,497,K,R,reversion,reversion_to_wildtype,SRR28752599,PP755962.1,1490,G,A,0.994,0.995268,0.994634,500,634,False
S06,PA,497,K,R,reversion,reversion_to_wildtype,SRR30572416,PP755962.1,1490,G,A,1.0,1.0,1.0,403,428,False
S06,PA,497,K,R,reversion,reversion_to_wildtype,SRR28752535,PP755962.1,1490,G,A,0.996658,0.997174,0.996916,1496,1769,False
S06,PA,497,K,R,reversion,reversion_to_wildtype,SRR29740739,PP755962.1,1490,G,A,0.996954,0.99742,0.997187,985,1163,False
S06,PA,497,K,R,reversion,reversion_to_wildtype,SRR29740719,PP755962.1,1490,G,A,0.998825,0.998024,0.9984245,851,1012,False
S06,PA,497,K,R,reversion,reversion_to_wildtype,SRR29040286,PP755962.1,1490,G,A,1.0,1.0,1.0,1183,1334,False
S09,PB1-F2,66,N,S,forward,adaptation,SRR34270196,PP755963.1,291,A,G,0.118132,0.121247,0.1196895,6061,16421,True
S09,PB1-F2,66,N,S,forward,adaptation,SRR33764544,PP755963.1,291,A,G,0.0334988,0.03416,0.0338294,1612,1815,True
S09,PB1-F2,66,N,S,forward,adaptation,SRR32125670,PP755963.1,291,A,G,0.0623441,0.063025,0.06268455,802,952,True
S09,PB1-F2,66,N,S,forward,adaptation,SRR33764546,PP755963.1,291,A,G,0.123783,0.113229,0.118506,1438,1731,True
S09,PB1-F2,66,N,S,forward,adaptation,SRR31605182,PP755963.1,291,A,G,0.0588235,0.057971,0.05839725,136,138,True
S09,PB1-F2,66,N,S,forward,adaptation,SRR31820970,PP755963.1,291,A,G,0.0569476,0.037471,0.047209299999999996,878,854,True
S11,M2,31,S,N,forward,adaptation,SRR31605165,PP755958.1,780,G,A,0.0478862,0.055058,0.0514721,7309,52472,True
S11,M2,31,S,N,forward,adaptation,SRR29694527,PP755958.1,780,G,A,0.0574681,0.0682,0.06283405,7378,40352,True
S11,M2,31,S,N,forward,adaptation,SRR31820945,PP755958.1,780,G,A,0.0439269,0.050279,0.04710295,7171,36854,True
S11,M2,31,S,N,forward,adaptation,SRR31605320,PP755958.1,780,G,A,0.0581955,0.043939,0.051067249999999995,6650,20483,True
S11,M2,31,S,N,forward,adaptation,SRR31605144,PP755958.1,780,G,A,0.0473438,0.053762,0.0505529,7266,50575,True
S11,M2,31,S,N,forward,adaptation,SRR31605065,PP755958.1,780,G,A,0.0877892,0.089392,0.08859059999999999,6527,11209,True
S11,M2,31,S,N,forward,adaptation,SRR35088968,PP755958.1,780,G,A,0.161217,0.141438,0.1513275,7065,26174,True
S11,M2,31,S,N,forward,adaptation,SRR35088952,PP755958.1,780,G,A,0.0377695,0.031977,0.034873249999999995,6725,19889,True
S11,M2,31,S,N,forward,adaptation,SRR31821086,PP755958.1,780,G,A,0.102375,0.101987,0.102181,7453,36593,True
S11,M2,31,S,N,forward,adaptation,SRR35088969,PP755958.1,780,G,A,0.0937771,0.090925,0.09235105,6910,11471,True
S11,M2,31,S,N,forward,adaptation,SRR31605133,PP755958.1,780,G,A,0.0607509,0.064116,0.06243345,7325,53154,True
S11,M2,31,S,N,forward,adaptation,SRR31605085,PP755958.1,780,G,A,0.033697,0.036833,0.035265,7241,40562,True
S11,M2,31,S,N,forward,adaptation,SRR34270202,PP755958.1,780,G,A,0.44709,0.439606,0.44334799999999996,6426,15523,True
S11,M2,31,S,N,forward,adaptation,SRR31596933,PP755958.1,780,G,A,0.044728,0.047941,0.0463345,7445,56361,True
S11,M2,31,S,N,forward,adaptation,SRR31605335,PP755958.1,780,G,A,0.0330077,0.031619,0.032313350000000005,6756,15402,True
S11,M2,31,S,N,forward,adaptation,SRR35088950,PP755958.1,780,G,A,0.0318146,0.035284,0.033549300000000004,7638,41407,True
S11,M2,31,S,N,forward,adaptation,SRR31605155,PP755958.1,780,G,A,0.080696,0.085223,0.08295949999999999,7299,52157,True
