af_threshold,site_id,gene,aa_pos,denominator,n_detected,n_subconsensus,prevalence_pct
0.01,S01,PB2,627,4228,101,21,2.3888363292336803
0.01,S02,PB2,701,4375,21,11,0.48
0.01,S03,PB2,591,4228,5,3,0.11825922421948912
0.01,S04,PB2,271,4051,1,1,0.024685262898049863
0.01,S05,PB2,631,4228,24,3,0.5676442762535477
0.01,S06,PA,497,4275,131,13,3.064327485380117
0.01,S07,HA,238,4356,0,0,0.0
0.01,S08,HA,240,4381,0,0,0.0
0.01,S09,PB1-F2,66,3660,11,11,0.3005464480874317
0.01,S10,NS1,92,4542,0,0,0.0
0.01,S11,M2,31,4548,33,33,0.7255936675461742
0.02,S01,PB2,627,4228,95,15,2.2469252601702934
0.02,S02,PB2,701,4375,17,7,0.38857142857142857
0.02,S03,PB2,591,4228,5,3,0.11825922421948912
0.02,S04,PB2,271,4051,0,0,0.0
0.02,S05,PB2,631,4228,23,2,0.5439924314096499
0.02,S06,PA,497,4275,129,11,3.017543859649123
0.02,S07,HA,238,4356,0,0,0.0
0.02,S08,HA,240,4381,0,0,0.0
0.02,S09,PB1-F2,66,3660,9,9,0.24590163934426232
0.02,S10,NS1,92,4542,0,0,0.0
0.02,S11,M2,31,4548,25,25,0.5496921723834652
0.03,S01,PB2,627,4228,91,11,2.152317880794702
0.03,S02,PB2,701,4375,15,5,0.34285714285714286
0.03,S03,PB2,591,4228,4,2,0.0946073793755913
0.03,S04,PB2,271,4051,0,0,0.0
0.03,S05,PB2,631,4228,23,2,0.5439924314096499
0.03,S06,PA,497,4275,127,9,2.9707602339181287
0.03,S07,HA,238,4356,0,0,0.0
0.03,S08,HA,240,4381,0,0,0.0
0.03,S09,PB1-F2,66,3660,6,6,0.16393442622950818
0.03,S10,NS1,92,4542,0,0,0.0
0.03,S11,M2,31,4548,17,17,0.3737906772207564
0.05,S01,PB2,627,4228,88,8,2.081362346263009
0.05,S02,PB2,701,4375,13,3,0.29714285714285715
0.05,S03,PB2,591,4228,3,1,0.07095553453169347
0.05,S04,PB2,271,4051,0,0,0.0
0.05,S05,PB2,631,4228,22,1,0.5203405865657522
0.05,S06,PA,497,4275,126,8,2.9473684210526314
0.05,S07,HA,238,4356,0,0,0.0
0.05,S08,HA,240,4381,0,0,0.0
0.05,S09,PB1-F2,66,3660,4,4,0.1092896174863388
0.05,S10,NS1,92,4542,0,0,0.0
0.05,S11,M2,31,4548,11,11,0.2418645558487247
