site_id,gene,aa_position,ref_aa,alt_aa,aa_change,change_type,sample,af_mean,is_subconsensus,host_category,nt_position,ref_nt,alt_nt,ref_codon,alt_codon
S01,PB2,627,E,K,E627K,pre-specified adaptation,SRR33124627,0.999196,False,cattle,1879,G,A,GAA,AAA
S01,PB2,627,E,G,E627G,other non-synonymous,SRR33681811,0.034374550000000004,True,cattle,1880,A,G,GAA,GGA
S01,PB2,627,E,K,E627K,pre-specified adaptation,SRR32973949,0.9878665,False,cattle,1879,G,A,GAA,AAA
S01,PB2,627,E,E,E627E,synonymous,SRR34709337,1.0,False,cattle,1881,A,G,GAA,GAG
S01,PB2,627,E,E,E627E,synonymous,SRR33830446,0.3779735,True,cattle,1881,A,G,GAA,GAG
S01,PB2,627,E,E,E627E,synonymous,SRR33830361,0.9865305,False,cattle,1881,A,G,GAA,GAG
S01,PB2,627,E,E,E627E,synonymous,SRR33565447,0.2230585,True,cattle,1881,A,G,GAA,GAG
S01,PB2,627,E,K,E627K,pre-specified adaptation,SRR33993030,0.998559,False,cattle,1879,G,A,GAA,AAA
S01,PB2,627,E,K,E627K,pre-specified adaptation,SRR33369821,1.0,False,cattle,1879,G,A,GAA,AAA
S01,PB2,627,E,K,E627K,pre-specified adaptation,SRR32973856,0.9988585,False,cattle,1879,G,A,GAA,AAA
S01,PB2,627,E,E,E627E,synonymous,SRR35088970,0.03815175,True,cattle,1881,A,G,GAA,GAG
S01,PB2,627,E,E,E627E,synonymous,SRR31597038,0.2331475,True,cattle,1881,A,G,GAA,GAG
S01,PB2,627,E,K,E627K,pre-specified adaptation,SRR34712514,1.0,False,cattle,1879,G,A,GAA,AAA
S01,PB2,627,E,K,E627K,pre-specified adaptation,SRR33124629,0.9990505000000001,False,cattle,1879,G,A,GAA,AAA
S01,PB2,627,E,K,E627K,pre-specified adaptation,SRR32415236,0.996212,False,cattle,1879,G,A,GAA,AAA
S01,PB2,627,E,K,E627K,pre-specified adaptation,SRR33681790,0.9985525,False,cattle,1879,G,A,GAA,AAA
S01,PB2,627,E,E,E627E,synonymous,SRR31821079,0.039295300000000005,True,cattle,1881,A,G,GAA,GAG
S01,PB2,627,E,K,E627K,pre-specified adaptation,SRR32804462,0.997717,False,cattle,1879,G,A,GAA,AAA
S01,PB2,627,E,K,E627K,pre-specified adaptation,SRR32973953,0.996855,False,cattle,1879,G,A,GAA,AAA
S01,PB2,627,E,K,E627K,pre-specified adaptation,SRR34270149,0.9981275000000001,False,cattle,1879,G,A,GAA,AAA
S01,PB2,627,E,K,E627K,pre-specified adaptation,SRR33369819,0.9972650000000001,False,cattle,1879,G,A,GAA,AAA
S01,PB2,627,E,E,E627E,synonymous,SRR31597037,0.21302349999999998,True,cattle,1881,A,G,GAA,GAG
S01,PB2,627,E,K,E627K,pre-specified adaptation,SRR33318623,0.0364935,True,cattle,1879,G,A,GAA,AAA
S01,PB2,627,E,E,E627E,synonymous,SRR33476714,0.046653799999999995,True,cattle,1881,A,G,GAA,GAG
S01,PB2,627,E,G,E627G,other non-synonymous,SRR29377913,0.2183905,True,cattle,1880,A,G,GAA,GGA
S01,PB2,627,E,K,E627K,pre-specified adaptation,SRR33124611,0.9992775,False,cattle,1879,G,A,GAA,AAA
S01,PB2,627,E,K,E627K,pre-specified adaptation,SRR32633084,0.9966865,False,cattle,1879,G,A,GAA,AAA
S01,PB2,627,E,K,E627K,pre-specified adaptation,SRR33681792,0.9983025,False,cattle,1879,G,A,GAA,AAA
S01,PB2,627,E,K,E627K,pre-specified adaptation,SRR33369795,0.99641,False,cattle,1879,G,A,GAA,AAA
S01,PB2,627,E,K,E627K,pre-specified adaptation,SRR32633074,0.997694,False,cattle,1879,G,A,GAA,AAA
S01,PB2,627,E,E,E627E,synonymous,SRR33830448,0.869626,False,cattle,1881,A,G,GAA,GAG
S01,PB2,627,E,K,E627K,pre-specified adaptation,SRR32633070,0.997344,False,cattle,1879,G,A,GAA,AAA
S01,PB2,627,E,K,E627K,pre-specified adaptation,SRR34270175,0.998216,False,cattle,1879,G,A,GAA,AAA
S01,PB2,627,E,K,E627K,pre-specified adaptation,SRR33681788,0.9990494999999999,False,cattle,1879,G,A,GAA,AAA
S01,PB2,627,E,K,E627K,pre-specified adaptation,SRR32973959,0.415544,True,cattle,1879,G,A,GAA,AAA
S01,PB2,627,E,E,E627E,synonymous,SRR33681794,0.1496645,True,cattle,1881,A,G,GAA,GAG
S01,PB2,627,E,K,E627K,pre-specified adaptation,SRR32633095,0.9991065,False,cattle,1879,G,A,GAA,AAA
S01,PB2,627,E,K,E627K,pre-specified adaptation,SRR32973864,0.999295,False,cattle,1879,G,A,GAA,AAA
S01,PB2,627,E,K,E627K,pre-specified adaptation,SRR33830399,0.9972825000000001,False,cattle,1879,G,A,GAA,AAA
S01,PB2,627,E,K,E627K,pre-specified adaptation,SRR32633072,0.9988604999999999,False,cattle,1879,G,A,GAA,AAA
S01,PB2,627,E,K,E627K,pre-specified adaptation,SRR29953257,0.08972925000000001,True,cattle,1879,G,A,GAA,AAA
S01,PB2,627,E,K,E627K,pre-specified adaptation,SRR33565441,0.9977134999999999,False,cattle,1879,G,A,GAA,AAA
S01,PB2,627,E,K,E627K,pre-specified adaptation,SRR29740676,0.030313399999999997,True,cattle,1879,G,A,GAA,AAA
S01,PB2,627,E,K,E627K,pre-specified adaptation,SRR32512915,0.9990935000000001,False,cattle,1879,G,A,GAA,AAA
S01,PB2,627,E,K,E627K,pre-specified adaptation,SRR34425689,0.997826,False,cattle,1879,G,A,GAA,AAA
S01,PB2,627,E,K,E627K,pre-specified adaptation,SRR33993049,1.0,False,cattle,1879,G,A,GAA,AAA
S01,PB2,627,E,K,E627K,pre-specified adaptation,SRR33681785,0.998317,False,cattle,1879,G,A,GAA,AAA
S01,PB2,627,E,K,E627K,pre-specified adaptation,SRR32512948,0.989128,False,cattle,1879,G,A,GAA,AAA
S01,PB2,627,E,K,E627K,pre-specified adaptation,SRR33369817,0.99766,False,cattle,1879,G,A,GAA,AAA
S01,PB2,627,E,K,E627K,pre-specified adaptation,SRR34270178,0.9990515,False,cattle,1879,G,A,GAA,AAA
S01,PB2,627,E,K,E627K,pre-specified adaptation,SRR34270176,0.999042,False,cattle,1879,G,A,GAA,AAA
S01,PB2,627,E,K,E627K,pre-specified adaptation,SRR33124612,0.998714,False,cattle,1879,G,A,GAA,AAA
S01,PB2,627,E,K,E627K,pre-specified adaptation,SRR33993029,0.9998024999999999,False,cattle,1879,G,A,GAA,AAA
S01,PB2,627,E,K,E627K,pre-specified adaptation,SRR32006816,0.09752315,True,cattle,1879,G,A,GAA,AAA
S01,PB2,627,E,E,E627E,synonymous,SRR29455586,0.1184975,True,cattle,1881,A,G,GAA,GAG
S01,PB2,627,E,K,E627K,pre-specified adaptation,SRR32512917,0.9981835,False,cattle,1879,G,A,GAA,AAA
S01,PB2,627,E,K,E627K,pre-specified adaptation,SRR33943322,0.999077,False,cattle,1879,G,A,GAA,AAA
S01,PB2,627,E,K,E627K,pre-specified adaptation,SRR32512916,0.999147,False,cattle,1879,G,A,GAA,AAA
S01,PB2,627,E,G,E627G,other non-synonymous,SRR31960158,0.10914499999999999,True,cattle,1880,A,G,GAA,GGA
S01,PB2,627,E,K,E627K,pre-specified adaptation,SRR33943320,0.9997285,False,cattle,1879,G,A,GAA,AAA
S01,PB2,627,E,D,E627D,other non-synonymous,SRR31597123,0.04660485,True,cattle,1881,A,C,GAA,GAC
S01,PB2,627,E,K,E627K,pre-specified adaptation,SRR32415278,0.9954815,False,cattle,1879,G,A,GAA,AAA
S01,PB2,627,E,K,E627K,pre-specified adaptation,SRR32973852,0.999682,False,cattle,1879,G,A,GAA,AAA
S01,PB2,627,E,K,E627K,pre-specified adaptation,SRR33681787,1.0,False,cattle,1879,G,A,GAA,AAA
S01,PB2,627,E,D,E627D,other non-synonymous,SRR33993047,0.322072,True,cattle,1881,A,C,GAA,GAC
S01,PB2,627,E,K,E627K,pre-specified adaptation,SRR32415234,0.9985425,False,cattle,1879,G,A,GAA,AAA
S01,PB2,627,E,K,E627K,pre-specified adaptation,SRR31597304,0.2262425,True,cattle,1879,G,A,GAA,AAA
S01,PB2,627,E,K,E627K,pre-specified adaptation,SRR35150513,0.999555,False,cattle,1879,G,A,GAA,AAA
S01,PB2,627,E,K,E627K,pre-specified adaptation,SRR32868674,1.0,False,cattle,1879,G,A,GAA,AAA
S01,PB2,627,E,K,E627K,pre-specified adaptation,SRR33369818,0.9978155,False,cattle,1879,G,A,GAA,AAA
S01,PB2,627,E,E,E627E,synonymous,SRR34712471,0.048374749999999994,True,cattle,1881,A,G,GAA,GAG
S01,PB2,627,E,E,E627E,synonymous,SRR33830447,0.9778775,False,cattle,1881,A,G,GAA,GAG
S01,PB2,627,E,E,E627E,synonymous,SRR33565444,0.04988125,True,cattle,1881,A,G,GAA,GAG
S01,PB2,627,E,K,E627K,pre-specified adaptation,SRR32973862,0.999493,False,cattle,1879,G,A,GAA,AAA
S01,PB2,627,E,K,E627K,pre-specified adaptation,SRR31597305,0.0495332,True,cattle,1879,G,A,GAA,AAA
S01,PB2,627,E,K,E627K,pre-specified adaptation,SRR29543323,0.05618655,True,cattle,1879,G,A,GAA,AAA
S01,PB2,627,E,K,E627K,pre-specified adaptation,SRR32633069,0.998553,False,cattle,1879,G,A,GAA,AAA
S01,PB2,627,E,K,E627K,pre-specified adaptation,SRR32415277,1.0,False,cattle,1879,G,A,GAA,AAA
S01,PB2,627,E,K,E627K,pre-specified adaptation,SRR33124625,0.9969315,False,cattle,1879,G,A,GAA,AAA
S01,PB2,627,E,K,E627K,pre-specified adaptation,SRR33943321,0.9992405,False,cattle,1879,G,A,GAA,AAA
S01,PB2,627,E,K,E627K,pre-specified adaptation,SRR33029767,1.0,False,cattle,1879,G,A,GAA,AAA
S01,PB2,627,E,K,E627K,pre-specified adaptation,SRR33681784,0.959912,False,cattle,1879,G,A,GAA,AAA
S01,PB2,627,E,K,E627K,pre-specified adaptation,SRR32973954,0.9979735000000001,False,cattle,1879,G,A,GAA,AAA
S01,PB2,627,E,K,E627K,pre-specified adaptation,SRR34270177,0.9992835,False,cattle,1879,G,A,GAA,AAA
S01,PB2,627,E,K,E627K,pre-specified adaptation,SRR28752559,0.3316015,True,cattle,1879,G,A,GAA,AAA
S01,PB2,627,E,K,E627K,pre-specified adaptation,SRR29377849,0.13249,True,cattle,1879,G,A,GAA,AAA
S01,PB2,627,E,K,E627K,pre-specified adaptation,SRR32973950,0.997531,False,cattle,1879,G,A,GAA,AAA
S01,PB2,627,E,K,E627K,pre-specified adaptation,SRR34270171,0.9922675,False,cattle,1879,G,A,GAA,AAA
S01,PB2,627,E,K,E627K,pre-specified adaptation,SRR33565442,0.998665,False,cattle,1879,G,A,GAA,AAA
S01,PB2,627,E,K,E627K,pre-specified adaptation,SRR33681783,0.9983420000000001,False,cattle,1879,G,A,GAA,AAA
S01,PB2,627,E,K,E627K,pre-specified adaptation,SRR32804473,1.0,False,cattle,1879,G,A,GAA,AAA
S01,PB2,627,E,E,E627E,synonymous,SRR36114820,0.03772755,True,cattle,1881,A,G,GAA,GAG
S01,PB2,627,E,K,E627K,pre-specified adaptation,SRR32415235,1.0,False,cattle,1879,G,A,GAA,AAA
S01,PB2,627,E,E,E627E,synonymous,SRR29543363,0.6018245,False,cattle,1881,A,G,GAA,GAG
S01,PB2,627,E,K,E627K,pre-specified adaptation,SRR34784295,0.9993215,False,cattle,1879,G,A,GAA,AAA
S01,PB2,627,E,K,E627K,pre-specified adaptation,SRR32868672,0.999511,False,cattle,1879,G,A,GAA,AAA
S01,PB2,627,E,E,E627E,synonymous,SRR31821164,0.03640145,True,cattle,1881,A,G,GAA,GAG
S01,PB2,627,E,K,E627K,pre-specified adaptation,SRR34784296,1.0,False,cattle,1879,G,A,GAA,AAA
S01,PB2,627,E,E,E627E,synonymous,SRR33565446,0.03213165,True,cattle,1881,A,G,GAA,GAG
S01,PB2,627,E,K,E627K,pre-specified adaptation,SRR33943319,0.9995769999999999,False,cattle,1879,G,A,GAA,AAA
S01,PB2,627,E,K,E627K,pre-specified adaptation,SRR32973863,1.0,False,cattle,1879,G,A,GAA,AAA
S01,PB2,627,E,K,E627K,pre-specified adaptation,SRR32633071,0.9990669999999999,False,cattle,1879,G,A,GAA,AAA
S01,PB2,627,E,K,E627K,pre-specified adaptation,SRR33681791,0.999771,False,cattle,1879,G,A,GAA,AAA
S01,PB2,627,E,K,E627K,pre-specified adaptation,SRR32973854,0.9992855,False,cattle,1879,G,A,GAA,AAA
S01,PB2,627,E,K,E627K,pre-specified adaptation,SRR32868673,1.0,False,cattle,1879,G,A,GAA,AAA
S01,PB2,627,E,K,E627K,pre-specified adaptation,SRR32512914,0.9988265000000001,False,cattle,1879,G,A,GAA,AAA
S01,PB2,627,E,E,E627E,synonymous,SRR31821091,0.0528837,True,cattle,1881,A,G,GAA,GAG
S01,PB2,627,E,K,E627K,pre-specified adaptation,SRR33993044,1.0,False,cattle,1879,G,A,GAA,AAA
S01,PB2,627,E,K,E627K,pre-specified adaptation,SRR31821068,0.051926799999999995,True,cattle,1879,G,A,GAA,AAA
S01,PB2,627,E,K,E627K,pre-specified adaptation,SRR32973853,0.9994700000000001,False,cattle,1879,G,A,GAA,AAA
S01,PB2,627,E,E,E627E,synonymous,SRR33681796,0.1155405,True,cattle,1881,A,G,GAA,GAG
S01,PB2,627,E,K,E627K,pre-specified adaptation,SRR32973855,0.9988345000000001,False,cattle,1879,G,A,GAA,AAA
S01,PB2,627,E,K,E627K,pre-specified adaptation,SRR33124613,0.998307,False,cattle,1879,G,A,GAA,AAA
S01,PB2,627,E,K,E627K,pre-specified adaptation,SRR33124626,0.999396,False,cattle,1879,G,A,GAA,AAA
S01,PB2,627,E,E,E627E,synonymous,SRR35150577,0.9982230000000001,False,cattle,1881,A,G,GAA,GAG
S01,PB2,627,E,V,E627V,other non-synonymous,SRR29740717,0.615011,False,cattle,1880,A,T,GAA,GTA
S01,PB2,627,E,K,E627K,pre-specified adaptation,SRR32973952,0.9961565,False,cattle,1879,G,A,GAA,AAA
S01,PB2,627,E,K,E627K,pre-specified adaptation,SRR32633073,0.9959575,False,cattle,1879,G,A,GAA,AAA
S01,PB2,627,E,K,E627K,pre-specified adaptation,SRR34712528,1.0,False,cattle,1879,G,A,GAA,AAA
S01,PB2,627,E,E,E627E,synonymous,SRR33565443,0.04420445,True,cattle,1881,A,G,GAA,GAG
S02,PB2,701,D,D,D701D,synonymous,SRR29281434,0.983444,False,cattle,2103,C,T,GAC,GAT
S02,PB2,701,D,D,D701D,synonymous,SRR29543331,0.987335,False,cattle,2103,C,T,GAC,GAT
S02,PB2,701,D,D,D701D,synonymous,SRR28912814,0.991796,False,cattle,2103,C,T,GAC,GAT
S02,PB2,701,D,D,D701D,synonymous,SRR29543324,0.999699,False,cattle,2103,C,T,GAC,GAT
S02,PB2,701,D,D,D701D,synonymous,SRR29543328,0.9977195,False,cattle,2103,C,T,GAC,GAT
S02,PB2,701,D,D,D701D,synonymous,SRR29377874,0.856397,False,cattle,2103,C,T,GAC,GAT
S02,PB2,701,D,D,D701D,synonymous,SRR29377873,0.9943029999999999,False,cattle,2103,C,T,GAC,GAT
S02,PB2,701,D,D,D701D,synonymous,SRR31820820,0.03888045,True,cattle,2103,C,T,GAC,GAT
S02,PB2,701,D,D,D701D,synonymous,SRR29281435,0.9831285,False,cattle,2103,C,T,GAC,GAT
S02,PB2,701,D,D,D701D,synonymous,SRR29543332,0.9915609999999999,False,cattle,2103,C,T,GAC,GAT
S02,PB2,701,D,D,D701D,synonymous,SRR28912815,0.9894695,False,cattle,2103,C,T,GAC,GAT
S02,PB2,701,D,D,D701D,synonymous,SRR29455576,0.9848925,False,cattle,2103,C,T,GAC,GAT
S02,PB2,701,D,D,D701D,synonymous,SRR29543339,0.9982415,False,cattle,2103,C,T,GAC,GAT
S02,PB2,701,D,D,D701D,synonymous,SRR29543327,0.9996214999999999,False,cattle,2103,C,T,GAC,GAT
S02,PB2,701,D,N,D701N,pre-specified adaptation,SRR33124639,0.479559,True,cattle,2101,G,A,GAC,AAC
S02,PB2,701,D,D,D701D,synonymous,SRR29455575,1.0,False,cattle,2103,C,T,GAC,GAT
S02,PB2,701,D,N,D701N,pre-specified adaptation,SRR32654100,1.0,False,cattle,2101,G,A,GAC,AAC
S02,PB2,701,D,N,D701N,pre-specified adaptation,SRR33030014,0.9994354999999999,False,cattle,2101,G,A,GAC,AAC
S02,PB2,701,D,N,D701N,pre-specified adaptation,SRR30811324,0.04176195,True,cattle,2101,G,A,GAC,AAC
S02,PB2,701,D,D,D701D,synonymous,SRR29694588,0.5724495000000001,False,cattle,2103,C,T,GAC,GAT
S02,PB2,701,D,D,D701D,synonymous,SRR29543322,0.9995425,False,cattle,2103,C,T,GAC,GAT
S02,PB2,701,D,D,D701D,synonymous,SRR29543311,0.9984850000000001,False,cattle,2103,C,T,GAC,GAT
S02,PB2,701,D,N,D701N,pre-specified adaptation,SRR32254304,1.0,False,cattle,2101,G,A,GAC,AAC
S02,PB2,701,D,D,D701D,synonymous,SRR28912813,0.9885569999999999,False,cattle,2103,C,T,GAC,GAT
S02,PB2,701,D,N,D701N,pre-specified adaptation,SRR33476829,0.9993325,False,cattle,2101,G,A,GAC,AAC
S02,PB2,701,D,D,D701D,synonymous,SRR29543330,0.98447,False,cattle,2103,C,T,GAC,GAT
S02,PB2,701,D,D,D701D,synonymous,SRR29543312,0.999329,False,cattle,2103,C,T,GAC,GAT
S02,PB2,701,D,D,D701D,synonymous,SRR28912810,0.9886325,False,cattle,2103,C,T,GAC,GAT
S02,PB2,701,D,G,D701G,other non-synonymous,SRR31168532,0.0469954,True,cattle,2102,A,G,GAC,GGC
S02,PB2,701,D,G,D701G,other non-synonymous,SRR33681759,0.0306192,True,cattle,2102,A,G,GAC,GGC
S02,PB2,701,D,N,D701N,pre-specified adaptation,SRR32654102,0.9845835000000001,False,cattle,2101,G,A,GAC,AAC
S02,PB2,701,D,N,D701N,pre-specified adaptation,SRR32654103,0.9991909999999999,False,cattle,2101,G,A,GAC,AAC
S02,PB2,701,D,D,D701D,synonymous,SRR29281432,0.9880329999999999,False,cattle,2103,C,T,GAC,GAT
S02,PB2,701,D,D,D701D,synonymous,SRR29543318,0.9997484999999999,False,cattle,2103,C,T,GAC,GAT
S02,PB2,701,D,G,D701G,other non-synonymous,SRR31347748,0.0350332,True,cattle,2102,A,G,GAC,GGC
S02,PB2,701,D,D,D701D,synonymous,SRR29543335,0.9996775,False,cattle,2103,C,T,GAC,GAT
S02,PB2,701,D,D,D701D,synonymous,SRR29377875,0.9978670000000001,False,cattle,2103,C,T,GAC,GAT
S02,PB2,701,D,D,D701D,synonymous,SRR29543323,0.9986485,False,cattle,2103,C,T,GAC,GAT
S02,PB2,701,D,D,D701D,synonymous,SRR29694539,0.835762,False,cattle,2103,C,T,GAC,GAT
S02,PB2,701,D,N,D701N,pre-specified adaptation,SRR28912811,0.031538949999999996,True,cattle,2101,G,A,GAC,AAC
S02,PB2,701,D,D,D701D,synonymous,SRR28912811,0.9882485000000001,False,cattle,2103,C,T,GAC,GAT
S02,PB2,701,D,N,D701N,pre-specified adaptation,SRR35088969,0.12739799999999998,True,cattle,2101,G,A,GAC,AAC
S02,PB2,701,D,N,D701N,pre-specified adaptation,SRR32254302,1.0,False,cattle,2101,G,A,GAC,AAC
S02,PB2,701,D,D,D701D,synonymous,SRR29377877,0.9989604999999999,False,cattle,2103,C,T,GAC,GAT
S02,PB2,701,D,D,D701D,synonymous,SRR29543316,0.9966010000000001,False,cattle,2103,C,T,GAC,GAT
S02,PB2,701,D,D,D701D,synonymous,SRR31821219,0.03063275,True,cattle,2103,C,T,GAC,GAT
S02,PB2,701,D,D,D701D,synonymous,SRR29543333,0.9983850000000001,False,cattle,2103,C,T,GAC,GAT
S02,PB2,701,D,D,D701D,synonymous,SRR29281433,0.894569,False,cattle,2103,C,T,GAC,GAT
S02,PB2,701,D,D,D701D,synonymous,SRR29543313,0.9991405,False,cattle,2103,C,T,GAC,GAT
S02,PB2,701,D,D,D701D,synonymous,SRR29543315,0.98979,False,cattle,2103,C,T,GAC,GAT
S02,PB2,701,D,N,D701N,pre-specified adaptation,SRR32654105,0.999018,False,cattle,2101,G,A,GAC,AAC
S02,PB2,701,D,D,D701D,synonymous,SRR29543338,0.9334395,False,cattle,2103,C,T,GAC,GAT
S02,PB2,701,D,D,D701D,synonymous,SRR29377876,0.977223,False,cattle,2103,C,T,GAC,GAT
S02,PB2,701,D,H,D701H,other non-synonymous,SRR31062729,0.03693235,True,cattle,2101,G,C,GAC,CAC
S02,PB2,701,D,D,D701D,synonymous,SRR29543334,0.9963965,False,cattle,2103,C,T,GAC,GAT
S02,PB2,701,D,D,D701D,synonymous,SRR29543329,0.9995535,False,cattle,2103,C,T,GAC,GAT
S02,PB2,701,D,N,D701N,pre-specified adaptation,SRR33124640,0.158313,True,cattle,2101,G,A,GAC,AAC
S02,PB2,701,D,D,D701D,synonymous,SRR28912816,0.9868785,False,cattle,2103,C,T,GAC,GAT
S02,PB2,701,D,D,D701D,synonymous,SRR29543337,0.996092,False,cattle,2103,C,T,GAC,GAT
S02,PB2,701,D,D,D701D,synonymous,SRR29543319,0.9995715000000001,False,cattle,2103,C,T,GAC,GAT
S02,PB2,701,D,D,D701D,synonymous,SRR29543326,0.9989615000000001,False,cattle,2103,C,T,GAC,GAT
S02,PB2,701,D,D,D701D,synonymous,SRR29543321,0.997047,False,cattle,2103,C,T,GAC,GAT
S02,PB2,701,D,D,D701D,synonymous,SRR29543320,0.9939785,False,cattle,2103,C,T,GAC,GAT
S02,PB2,701,D,N,D701N,pre-specified adaptation,SRR32254303,0.9993645,False,cattle,2101,G,A,GAC,AAC
S02,PB2,701,D,D,D701D,synonymous,SRR30572416,1.0,False,cattle,2103,C,T,GAC,GAT
S02,PB2,701,D,D,D701D,synonymous,SRR29543317,0.9984325000000001,False,cattle,2103,C,T,GAC,GAT
S02,PB2,701,D,N,D701N,pre-specified adaptation,SRR32654101,0.9949805,False,cattle,2101,G,A,GAC,AAC
S03,PB2,591,Q,Q,Q591Q,synonymous,SRR30428220,0.1464635,True,cattle,1773,A,G,CAA,CAG
S03,PB2,591,Q,K,Q591K,pre-specified adaptation,SRR31605016,0.9985075,False,cattle,1771,C,A,CAA,AAA
S03,PB2,591,Q,R,Q591R,other non-synonymous,SRR29377829,1.0,False,cattle,1772,A,G,CAA,CGA
S03,PB2,591,Q,Q,Q591Q,synonymous,SRR33318623,0.05524915,True,cattle,1773,A,G,CAA,CAG
S03,PB2,591,Q,R,Q591R,other non-synonymous,SRR32653896,0.035903000000000004,True,cattle,1772,A,G,CAA,CGA
S03,PB2,591,Q,R,Q591R,other non-synonymous,SRR29377831,0.9989669999999999,False,cattle,1772,A,G,CAA,CGA
S03,PB2,591,Q,L,Q591L,other non-synonymous,SRR31347741,0.08513195,True,cattle,1772,A,T,CAA,CTA
S03,PB2,591,Q,R,Q591R,other non-synonymous,SRR29377823,1.0,False,cattle,1772,A,G,CAA,CGA
S03,PB2,591,Q,Q,Q591Q,synonymous,SRR38788376,0.06397264999999999,True,cattle,1773,A,G,CAA,CAG
S03,PB2,591,Q,R,Q591R,other non-synonymous,SRR31960186,0.03676555,True,cattle,1772,A,G,CAA,CGA
S03,PB2,591,Q,R,Q591R,other non-synonymous,SRR29377821,0.999783,False,cattle,1772,A,G,CAA,CGA
S03,PB2,591,Q,R,Q591R,other non-synonymous,SRR29377824,1.0,False,cattle,1772,A,G,CAA,CGA
S03,PB2,591,Q,R,Q591R,other non-synonymous,SRR29377830,0.9987619999999999,False,cattle,1772,A,G,CAA,CGA
S03,PB2,591,Q,R,Q591R,other non-synonymous,SRR29377827,0.9989295,False,cattle,1772,A,G,CAA,CGA
S03,PB2,591,Q,Q,Q591Q,synonymous,SRR30811274,0.0357994,True,cattle,1773,A,G,CAA,CAG
S03,PB2,591,Q,R,Q591R,other non-synonymous,SRR29851698,0.6470425,False,cattle,1772,A,G,CAA,CGA
S03,PB2,591,Q,Q,Q591Q,synonymous,SRR38788385,0.1337295,True,cattle,1773,A,G,CAA,CAG
S03,PB2,591,Q,R,Q591R,other non-synonymous,SRR29377822,0.9988900000000001,False,cattle,1772,A,G,CAA,CGA
S03,PB2,591,Q,K,Q591K,pre-specified adaptation,SRR29377849,0.06025805000000001,True,cattle,1771,C,A,CAA,AAA
S03,PB2,591,Q,R,Q591R,other non-synonymous,SRR30811288,0.254195,True,cattle,1772,A,G,CAA,CGA
S03,PB2,591,Q,K,Q591K,pre-specified adaptation,SRR31605207,0.048996399999999996,True,cattle,1771,C,A,CAA,AAA
S03,PB2,591,Q,R,Q591R,other non-synonymous,SRR29377820,0.9972194999999999,False,cattle,1772,A,G,CAA,CGA
S03,PB2,591,Q,Q,Q591Q,synonymous,SRR30811273,0.03083815,True,cattle,1773,A,G,CAA,CAG
S03,PB2,591,Q,R,Q591R,other non-synonymous,SRR29953205,0.1397525,True,cattle,1772,A,G,CAA,CGA
S03,PB2,591,Q,R,Q591R,other non-synonymous,SRR29377825,0.9992125000000001,False,cattle,1772,A,G,CAA,CGA
S03,PB2,591,Q,R,Q591R,other non-synonymous,SRR29377826,0.998901,False,cattle,1772,A,G,CAA,CGA
S03,PB2,591,Q,R,Q591R,other non-synonymous,SRR29377832,1.0,False,cattle,1772,A,G,CAA,CGA
S03,PB2,591,Q,K,Q591K,pre-specified adaptation,SRR30811325,1.0,False,cattle,1771,C,A,CAA,AAA
S03,PB2,591,Q,R,Q591R,other non-synonymous,SRR29455594,1.0,False,cattle,1772,A,G,CAA,CGA
S03,PB2,591,Q,Q,Q591Q,synonymous,SRR31960185,0.036654599999999996,True,cattle,1773,A,G,CAA,CAG
S04,PB2,271,T,T,T271T,synonymous,SRR32973870,1.0,False,cattle,813,A,G,ACA,ACG
S04,PB2,271,T,I,T271I,other non-synonymous,SRR28981019,0.0361351,True,cattle,812,C,T,ACA,ATA
S04,PB2,271,T,T,T271T,synonymous,SRR38788356,1.0,False,cattle,813,A,G,ACA,ACG
S04,PB2,271,T,T,T271T,synonymous,SRR31820822,0.998999,False,cattle,813,A,G,ACA,ACG
S04,PB2,271,T,I,T271I,other non-synonymous,SRR31605102,0.0493928,True,cattle,812,C,T,ACA,ATA
S04,PB2,271,T,T,T271T,synonymous,SRR31820823,0.10911199999999999,True,cattle,813,A,G,ACA,ACG
S04,PB2,271,T,T,T271T,synonymous,SRR31820824,0.1609425,True,cattle,813,A,G,ACA,ACG
S04,PB2,271,T,T,T271T,synonymous,SRR32512919,0.9975875000000001,False,cattle,813,A,G,ACA,ACG
S04,PB2,271,T,T,T271T,synonymous,SRR31605193,0.0788982,True,cattle,813,A,G,ACA,ACG
S04,PB2,271,T,T,T271T,synonymous,SRR33029760,0.997336,False,cattle,813,A,G,ACA,ACG
S04,PB2,271,T,T,T271T,synonymous,SRR32973877,1.0,False,cattle,813,A,G,ACA,ACG
S04,PB2,271,T,T,T271T,synonymous,SRR33508214,0.9353395,False,cattle,813,A,G,ACA,ACG
S04,PB2,271,T,T,T271T,synonymous,SRR32512938,1.0,False,cattle,813,A,G,ACA,ACG
S04,PB2,271,T,T,T271T,synonymous,SRR38788423,0.9999205,False,cattle,813,A,G,ACA,ACG
S04,PB2,271,T,T,T271T,synonymous,SRR33508217,0.999286,False,cattle,813,A,G,ACA,ACG
S04,PB2,271,T,T,T271T,synonymous,SRR38788417,0.999699,False,cattle,813,A,G,ACA,ACG
S04,PB2,271,T,T,T271T,synonymous,SRR32512927,0.9971735,False,cattle,813,A,G,ACA,ACG
S04,PB2,271,T,T,T271T,synonymous,SRR38788424,0.998872,False,cattle,813,A,G,ACA,ACG
S04,PB2,271,T,T,T271T,synonymous,SRR38788427,1.0,False,cattle,813,A,G,ACA,ACG
S04,PB2,271,T,T,T271T,synonymous,SRR38788425,0.9999175,False,cattle,813,A,G,ACA,ACG
S04,PB2,271,T,T,T271T,synonymous,SRR29694588,0.6370795,False,cattle,813,A,C,ACA,ACC
S04,PB2,271,T,T,T271T,synonymous,SRR31820818,1.0,False,cattle,813,A,G,ACA,ACG
S04,PB2,271,T,T,T271T,synonymous,SRR38788419,0.999564,False,cattle,813,A,G,ACA,ACG
S04,PB2,271,T,T,T271T,synonymous,SRR32973878,0.9996315,False,cattle,813,A,G,ACA,ACG
S04,PB2,271,T,T,T271T,synonymous,SRR31960194,0.998597,False,cattle,813,A,G,ACA,ACG
S04,PB2,271,T,T,T271T,synonymous,SRR38788361,1.0,False,cattle,813,A,G,ACA,ACG
S04,PB2,271,T,T,T271T,synonymous,SRR32223132,0.9997505,False,cattle,813,A,G,ACA,ACG
S04,PB2,271,T,T,T271T,synonymous,SRR31820841,0.99979,False,cattle,813,A,G,ACA,ACG
S04,PB2,271,T,T,T271T,synonymous,SRR38788413,0.9997745,False,cattle,813,A,G,ACA,ACG
S04,PB2,271,T,T,T271T,synonymous,SRR38788409,0.970272,False,cattle,813,A,G,ACA,ACG
S04,PB2,271,T,T,T271T,synonymous,SRR33029758,0.9990405,False,cattle,813,A,G,ACA,ACG
S04,PB2,271,T,T,T271T,synonymous,SRR32973849,0.99907,False,cattle,813,A,G,ACA,ACG
S04,PB2,271,T,T,T271T,synonymous,SRR38788431,0.999493,False,cattle,813,A,G,ACA,ACG
S04,PB2,271,T,T,T271T,synonymous,SRR38788360,1.0,False,cattle,813,A,G,ACA,ACG
S04,PB2,271,T,T,T271T,synonymous,SRR33369825,0.997765,False,cattle,813,A,G,ACA,ACG
S04,PB2,271,T,T,T271T,synonymous,SRR32125614,0.282539,True,cattle,813,A,G,ACA,ACG
S04,PB2,271,T,T,T271T,synonymous,SRR32973872,0.999198,False,cattle,813,A,G,ACA,ACG
S04,PB2,271,T,T,T271T,synonymous,SRR34270160,0.0437386,True,cattle,813,A,G,ACA,ACG
S04,PB2,271,T,T,T271T,synonymous,SRR38788411,0.999812,False,cattle,813,A,G,ACA,ACG
S04,PB2,271,T,I,T271I,other non-synonymous,SRR32125740,0.0398625,True,cattle,812,C,T,ACA,ATA
S04,PB2,271,T,T,T271T,synonymous,SRR33318595,0.9984545,False,cattle,813,A,G,ACA,ACG
S04,PB2,271,T,T,T271T,synonymous,SRR33029756,0.9994435,False,cattle,813,A,G,ACA,ACG
S04,PB2,271,T,T,T271T,synonymous,SRR38788412,0.7589905,False,cattle,813,A,G,ACA,ACG
S04,PB2,271,T,T,T271T,synonymous,SRR38788426,0.9996849999999999,False,cattle,813,A,G,ACA,ACG
S04,PB2,271,T,T,T271T,synonymous,SRR31821096,0.9997389999999999,False,cattle,813,A,G,ACA,ACG
S04,PB2,271,T,T,T271T,synonymous,SRR33830450,0.086402,True,cattle,813,A,G,ACA,ACG
S04,PB2,271,T,T,T271T,synonymous,SRR33830449,0.0452187,True,cattle,813,A,G,ACA,ACG
S04,PB2,271,T,T,T271T,synonymous,SRR38788437,1.0,False,cattle,813,A,G,ACA,ACG
S04,PB2,271,T,T,T271T,synonymous,SRR31820819,1.0,False,cattle,813,A,G,ACA,ACG
S04,PB2,271,T,T,T271T,synonymous,SRR38788410,0.9990025,False,cattle,813,A,G,ACA,ACG
S04,PB2,271,T,T,T271T,synonymous,SRR33029757,0.9984854999999999,False,cattle,813,A,G,ACA,ACG
S04,PB2,271,T,T,T271T,synonymous,SRR29694539,0.840552,False,cattle,813,A,C,ACA,ACC
S04,PB2,271,T,T,T271T,synonymous,SRR32973874,1.0,False,cattle,813,A,G,ACA,ACG
S04,PB2,271,T,T,T271T,synonymous,SRR32973876,0.9991475000000001,False,cattle,813,A,G,ACA,ACG
S04,PB2,271,T,T,T271T,synonymous,SRR32973954,0.081694,True,cattle,813,A,G,ACA,ACG
S04,PB2,271,T,T,T271T,synonymous,SRR31821185,0.0972305,True,cattle,813,A,G,ACA,ACG
S04,PB2,271,T,T,T271T,synonymous,SRR38788399,1.0,False,cattle,813,A,G,ACA,ACG
S04,PB2,271,T,T,T271T,synonymous,SRR38788385,1.0,False,cattle,813,A,G,ACA,ACG
S04,PB2,271,T,T,T271T,synonymous,SRR32125613,0.32000799999999996,True,cattle,813,A,G,ACA,ACG
S04,PB2,271,T,T,T271T,synonymous,SRR32125615,0.3287035,True,cattle,813,A,G,ACA,ACG
S04,PB2,271,T,T,T271T,synonymous,SRR32512918,0.9989140000000001,False,cattle,813,A,G,ACA,ACG
S04,PB2,271,T,T,T271T,synonymous,SRR31347664,0.7364395,False,cattle,813,A,G,ACA,ACG
S04,PB2,271,T,T,T271T,synonymous,SRR32973875,0.9990525,False,cattle,813,A,G,ACA,ACG
S04,PB2,271,T,T,T271T,synonymous,SRR38788428,1.0,False,cattle,813,A,G,ACA,ACG
S04,PB2,271,T,T,T271T,synonymous,SRR31821093,0.9991935,False,cattle,813,A,G,ACA,ACG
S04,PB2,271,T,T,T271T,synonymous,SRR38788407,1.0,False,cattle,813,A,G,ACA,ACG
S04,PB2,271,T,T,T271T,synonymous,SRR33369824,0.994009,False,cattle,813,A,G,ACA,ACG
S04,PB2,271,T,T,T271T,synonymous,SRR31821071,0.99205,False,cattle,813,A,G,ACA,ACG
S04,PB2,271,T,T,T271T,synonymous,SRR31960195,1.0,False,cattle,813,A,G,ACA,ACG
S04,PB2,271,T,T,T271T,synonymous,SRR33508218,0.998399,False,cattle,813,A,G,ACA,ACG
S04,PB2,271,T,T,T271T,synonymous,SRR38788430,1.0,False,cattle,813,A,G,ACA,ACG
S04,PB2,271,T,T,T271T,synonymous,SRR31821094,0.999492,False,cattle,813,A,G,ACA,ACG
S04,PB2,271,T,T,T271T,synonymous,SRR38788438,1.0,False,cattle,813,A,G,ACA,ACG
S04,PB2,271,T,T,T271T,synonymous,SRR38788415,0.9957024999999999,False,cattle,813,A,G,ACA,ACG
S04,PB2,271,T,T,T271T,synonymous,SRR33318598,0.9990095000000001,False,cattle,813,A,G,ACA,ACG
S04,PB2,271,T,T,T271T,synonymous,SRR32973871,0.9989115,False,cattle,813,A,G,ACA,ACG
S04,PB2,271,T,T,T271T,synonymous,SRR31821095,0.9997465,False,cattle,813,A,G,ACA,ACG
S04,PB2,271,T,T,T271T,synonymous,SRR38788414,0.9997355,False,cattle,813,A,G,ACA,ACG
S04,PB2,271,T,T,T271T,synonymous,SRR38788374,1.0,False,cattle,813,A,G,ACA,ACG
S04,PB2,271,T,T,T271T,synonymous,SRR38788400,0.9998745,False,cattle,813,A,G,ACA,ACG
S04,PB2,271,T,T,T271T,synonymous,SRR33508216,1.0,False,cattle,813,A,G,ACA,ACG
S04,PB2,271,T,T,T271T,synonymous,SRR33029771,0.9997285,False,cattle,813,A,G,ACA,ACG
S04,PB2,271,T,T,T271T,synonymous,SRR33369826,0.9945055,False,cattle,813,A,G,ACA,ACG
S04,PB2,271,T,T,T271T,synonymous,SRR38788396,0.9994075,False,cattle,813,A,G,ACA,ACG
S04,PB2,271,T,T,T271T,synonymous,SRR33318594,0.999239,False,cattle,813,A,G,ACA,ACG
S04,PB2,271,T,T,T271T,synonymous,SRR31821068,0.033189800000000005,True,cattle,813,A,G,ACA,ACG
S04,PB2,271,T,T,T271T,synonymous,SRR38788398,0.9994145,False,cattle,813,A,G,ACA,ACG
S04,PB2,271,T,T,T271T,synonymous,SRR38788362,0.9997469999999999,False,cattle,813,A,G,ACA,ACG
S04,PB2,271,T,T,T271T,synonymous,SRR38788359,1.0,False,cattle,813,A,G,ACA,ACG
S04,PB2,271,T,T,T271T,synonymous,SRR38788416,0.9956535,False,cattle,813,A,G,ACA,ACG
S04,PB2,271,T,T,T271T,synonymous,SRR38788432,0.999593,False,cattle,813,A,G,ACA,ACG
S04,PB2,271,T,T,T271T,synonymous,SRR38788439,0.9991749999999999,False,cattle,813,A,G,ACA,ACG
S04,PB2,271,T,T,T271T,synonymous,SRR38788363,0.999355,False,cattle,813,A,G,ACA,ACG
S04,PB2,271,T,T,T271T,synonymous,SRR31821070,0.999315,False,cattle,813,A,G,ACA,ACG
S04,PB2,271,T,T,T271T,synonymous,SRR38788422,1.0,False,cattle,813,A,G,ACA,ACG
S04,PB2,271,T,T,T271T,synonymous,SRR31605391,0.0314329,True,cattle,813,A,G,ACA,ACG
S04,PB2,271,T,T,T271T,synonymous,SRR32973873,0.998631,False,cattle,813,A,G,ACA,ACG
S04,PB2,271,T,T,T271T,synonymous,SRR38788421,0.550988,False,cattle,813,A,G,ACA,ACG
S05,PB2,631,L,M,L631M,pre-specified reversion,SRR34709337,0.9969790000000001,False,cattle,1891,C,A,CTG,ATG
S05,PB2,631,L,M,L631M,pre-specified reversion,SRR32415932,0.9991,False,cattle,1891,C,A,CTG,ATG
S05,PB2,631,L,L,L631L,synonymous,SRR29281429,0.188503,True,cattle,1893,G,A,CTG,CTA
S05,PB2,631,L,M,L631M,pre-specified reversion,SRR33319085,0.9991380000000001,False,cattle,1891,C,A,CTG,ATG
S05,PB2,631,L,L,L631L,synonymous,SRR34913302,0.2951425,True,cattle,1893,G,A,CTG,CTA
S05,PB2,631,L,M,L631M,pre-specified reversion,SRR31885839,0.06189305,True,feline,1891,C,A,CTG,ATG
S05,PB2,631,L,L,L631L,synonymous,SRR29740751,0.128919,True,cattle,1893,G,A,CTG,CTA
S05,PB2,631,L,L,L631L,synonymous,SRR31597041,0.062133549999999996,True,cattle,1893,G,A,CTG,CTA
S05,PB2,631,L,L,L631L,synonymous,SRR35705013,0.055147550000000004,True,cattle,1893,G,A,CTG,CTA
S05,PB2,631,L,L,L631L,synonymous,SRR33318601,0.597909,False,cattle,1893,G,T,CTG,CTT
S05,PB2,631,L,M,L631M,pre-specified reversion,SRR32654100,0.997807,False,cattle,1891,C,A,CTG,ATG
S05,PB2,631,L,M,L631M,pre-specified reversion,SRR33030014,0.9984310000000001,False,cattle,1891,C,A,CTG,ATG
S05,PB2,631,L,L,L631L,synonymous,SRR33993050,0.12736199999999998,True,cattle,1893,G,A,CTG,CTA
S05,PB2,631,L,M,L631M,pre-specified reversion,SRR33764593,1.0,False,cattle,1891,C,A,CTG,ATG
S05,PB2,631,L,L,L631L,synonymous,SRR31016572,0.215811,True,cattle,1891,C,T,CTG,TTG
S05,PB2,631,L,L,L631L,synonymous,SRR29281428,0.040528549999999997,True,cattle,1893,G,A,CTG,CTA
S05,PB2,631,L,L,L631L,synonymous,SRR33830384,0.9966299999999999,False,cattle,1893,G,T,CTG,CTT
S05,PB2,631,L,M,L631M,pre-specified reversion,SRR28834930,0.992621,False,feline,1891,C,A,CTG,ATG
S05,PB2,631,L,M,L631M,pre-specified reversion,SRR32254304,0.998718,False,cattle,1891,C,A,CTG,ATG
S05,PB2,631,L,L,L631L,synonymous,SRR31596938,0.3100615,True,cattle,1891,C,T,CTG,TTG
S05,PB2,631,L,L,L631L,synonymous,SRR33029765,0.977132,False,cattle,1893,G,T,CTG,CTT
S05,PB2,631,L,M,L631M,pre-specified reversion,SRR33476829,0.997457,False,cattle,1891,C,A,CTG,ATG
S05,PB2,631,L,M,L631M,pre-specified reversion,SRR32654103,1.0,False,cattle,1891,C,A,CTG,ATG
S05,PB2,631,L,L,L631L,synonymous,SRR34270194,0.052029599999999995,True,cattle,1893,G,A,CTG,CTA
S05,PB2,631,L,L,L631L,synonymous,SRR31821016,0.08441560000000001,True,cattle,1891,C,T,CTG,TTG
S05,PB2,631,L,L,L631L,synonymous,SRR34913303,0.2821245,True,cattle,1893,G,A,CTG,CTA
S05,PB2,631,L,L,L631L,synonymous,SRR28981001,0.9921765,False,cattle,1893,G,A,CTG,CTA
S05,PB2,631,L,M,L631M,pre-specified reversion,SRR32254302,0.9994894999999999,False,cattle,1891,C,A,CTG,ATG
S05,PB2,631,L,L,L631L,synonymous,SRR31821005,0.041516,True,cattle,1891,C,T,CTG,TTG
S05,PB2,631,L,M,L631M,pre-specified reversion,SRR33993166,0.9976085,False,cattle,1891,C,A,CTG,ATG
S05,PB2,631,L,L,L631L,synonymous,SRR31885828,0.1132065,True,cattle,1893,G,A,CTG,CTA
S05,PB2,631,L,L,L631L,synonymous,SRR31914603,0.0469701,True,cattle,1893,G,A,CTG,CTA
S05,PB2,631,L,L,L631L,synonymous,SRR32125736,0.130816,True,cattle,1891,C,T,CTG,TTG
S05,PB2,631,L,M,L631M,pre-specified reversion,SRR32654105,0.995587,False,cattle,1891,C,A,CTG,ATG
S05,PB2,631,L,L,L631L,synonymous,SRR33318603,0.5576604999999999,False,cattle,1893,G,T,CTG,CTT
S05,PB2,631,L,M,L631M,pre-specified reversion,SRR32512685,0.9981225,False,cattle,1891,C,A,CTG,ATG
S05,PB2,631,L,M,L631M,pre-specified reversion,SRR32512686,0.9954545,False,cattle,1891,C,A,CTG,ATG
S05,PB2,631,L,L,L631L,synonymous,SRR34913305,0.0362985,True,cattle,1893,G,A,CTG,CTA
S05,PB2,631,L,L,L631L,synonymous,SRR31062737,0.09349835000000001,True,cattle,1893,G,A,CTG,CTA
S05,PB2,631,L,L,L631L,synonymous,SRR33476742,0.9898085,False,cattle,1893,G,T,CTG,CTT
S05,PB2,631,L,L,L631L,synonymous,SRR31596948,0.06683069999999999,True,cattle,1893,G,A,CTG,CTA
S05,PB2,631,L,L,L631L,synonymous,SRR31597031,0.0369683,True,cattle,1891,C,T,CTG,TTG
S05,PB2,631,L,L,L631L,synonymous,SRR33029764,0.948619,False,cattle,1893,G,T,CTG,CTT
S05,PB2,631,L,P,L631P,other non-synonymous,SRR33565428,0.03432545,True,cattle,1892,T,C,CTG,CCG
S05,PB2,631,L,M,L631M,pre-specified reversion,SRR35150577,1.0,False,cattle,1891,C,A,CTG,ATG
S05,PB2,631,L,M,L631M,pre-specified reversion,SRR32415931,1.0,False,cattle,1891,C,A,CTG,ATG
S05,PB2,631,L,L,L631L,synonymous,SRR34980099,0.958207,False,cattle,1893,G,A,CTG,CTA
S05,PB2,631,L,M,L631M,pre-specified reversion,SRR32415933,1.0,False,cattle,1891,C,A,CTG,ATG
S05,PB2,631,L,M,L631M,pre-specified reversion,SRR32512683,0.999633,False,cattle,1891,C,A,CTG,ATG
S05,PB2,631,L,L,L631L,synonymous,SRR31605011,0.1017835,True,cattle,1893,G,A,CTG,CTA
S05,PB2,631,L,M,L631M,pre-specified reversion,SRR32254303,0.9965455,False,cattle,1891,C,A,CTG,ATG
S05,PB2,631,L,L,L631L,synonymous,SRR34712527,0.08672155000000001,True,cattle,1893,G,A,CTG,CTA
S05,PB2,631,L,M,L631M,pre-specified reversion,SRR29377893,0.035695149999999995,True,feline,1891,C,A,CTG,ATG
S05,PB2,631,L,M,L631M,pre-specified reversion,SRR32654101,0.998698,False,cattle,1891,C,A,CTG,ATG
S05,PB2,631,L,L,L631L,synonymous,SRR34270191,0.26415599999999995,True,cattle,1893,G,A,CTG,CTA
S06,PA,497,R,K,R497K,pre-specified reversion,SRR29953265,0.998386,False,cattle,1490,G,A,AGG,AAG
S06,PA,497,R,K,R497K,pre-specified reversion,SRR29740753,0.9984025000000001,False,cattle,1490,G,A,AGG,AAG
S06,PA,497,R,K,R497K,pre-specified reversion,SRR29740689,0.9964409999999999,False,cattle,1490,G,A,AGG,AAG
S06,PA,497,R,K,R497K,pre-specified reversion,SRR30572419,0.9992505,False,cattle,1490,G,A,AGG,AAG
S06,PA,497,R,K,R497K,pre-specified reversion,SRR29851688,0.99854,False,cattle,1490,G,A,AGG,AAG
S06,PA,497,R,K,R497K,pre-specified reversion,SRR28752600,0.9944495,False,cattle,1490,G,A,AGG,AAG
S06,PA,497,R,K,R497K,pre-specified reversion,SRR29040297,0.9981825,False,feline,1490,G,A,AGG,AAG
S06,PA,497,R,K,R497K,pre-specified reversion,SRR28752631,0.990499,False,cattle,1490,G,A,AGG,AAG
S06,PA,497,R,K,R497K,pre-specified reversion,SRR28752593,1.0,False,cattle,1490,G,A,AGG,AAG
S06,PA,497,R,K,R497K,pre-specified reversion,SRR28752603,0.996951,False,cattle,1490,G,A,AGG,AAG
S06,PA,497,R,G,R497G,other non-synonymous,SRR33565453,0.03365725,True,cattle,1489,A,G,AGG,GGG
S06,PA,497,R,K,R497K,pre-specified reversion,SRR28752625,0.9995695,False,cattle,1490,G,A,AGG,AAG
S06,PA,497,R,K,R497K,pre-specified reversion,SRR29455643,0.996768,False,cattle,1490,G,A,AGG,AAG
S06,PA,497,R,K,R497K,pre-specified reversion,SRR31605087,0.05572775,True,cattle,1490,G,A,AGG,AAG
S06,PA,497,R,K,R497K,pre-specified reversion,SRR29281471,0.993328,False,cattle,1490,G,A,AGG,AAG
S06,PA,497,R,K,R497K,pre-specified reversion,SRR29740751,0.9980365,False,cattle,1490,G,A,AGG,AAG
S06,PA,497,R,K,R497K,pre-specified reversion,SRR28752479,0.9894665,False,cattle,1490,G,A,AGG,AAG
S06,PA,497,R,K,R497K,pre-specified reversion,SRR28752629,0.9943785,False,cattle,1490,G,A,AGG,AAG
S06,PA,497,R,R,R497R,synonymous,SRR33830400,0.1283995,True,cattle,1491,G,A,AGG,AGA
S06,PA,497,R,K,R497K,pre-specified reversion,SRR28752596,0.9993765,False,cattle,1490,G,A,AGG,AAG
S06,PA,497,R,K,R497K,pre-specified reversion,SRR28752590,0.9976875000000001,False,cattle,1490,G,A,AGG,AAG
S06,PA,497,R,K,R497K,pre-specified reversion,SRR29740752,0.9994105,False,cattle,1490,G,A,AGG,AAG
S06,PA,497,R,K,R497K,pre-specified reversion,SRR31168538,0.9928395,False,cattle,1490,G,A,AGG,AAG
S06,PA,497,R,K,R497K,pre-specified reversion,SRR29740738,0.9977075,False,cattle,1490,G,A,AGG,AAG
S06,PA,497,R,K,R497K,pre-specified reversion,SRR29543389,0.991754,False,cattle,1490,G,A,AGG,AAG
S06,PA,497,R,K,R497K,pre-specified reversion,SRR29455592,0.9988334999999999,False,cattle,1490,G,A,AGG,AAG
S06,PA,497,R,K,R497K,pre-specified reversion,SRR29455580,1.0,False,cattle,1490,G,A,AGG,AAG
S06,PA,497,R,K,R497K,pre-specified reversion,SRR29455641,1.0,False,cattle,1490,G,A,AGG,AAG
S06,PA,497,R,R,R497R,synonymous,SRR32512940,0.9940675,False,cattle,1491,G,A,AGG,AGA
S06,PA,497,R,K,R497K,pre-specified reversion,SRR32973956,0.08097304999999999,True,cattle,1490,G,A,AGG,AAG
S06,PA,497,R,K,R497K,pre-specified reversion,SRR29740707,0.998481,False,cattle,1490,G,A,AGG,AAG
S06,PA,497,R,K,R497K,pre-specified reversion,SRR28752512,0.09146014999999999,True,feline,1490,G,A,AGG,AAG
S06,PA,497,R,K,R497K,pre-specified reversion,SRR28752478,0.9954645,False,cattle,1490,G,A,AGG,AAG
S06,PA,497,R,R,R497R,synonymous,SRR32223146,0.0605088,True,cattle,1491,G,A,AGG,AGA
S06,PA,497,R,K,R497K,pre-specified reversion,SRR29740706,0.9997395,False,cattle,1490,G,A,AGG,AAG
S06,PA,497,R,K,R497K,pre-specified reversion,SRR31605296,0.0676894,True,cattle,1490,G,A,AGG,AAG
S06,PA,497,R,K,R497K,pre-specified reversion,SRR29543306,1.0,False,cattle,1490,G,A,AGG,AAG
S06,PA,497,R,K,R497K,pre-specified reversion,SRR29455589,0.998883,False,cattle,1490,G,A,AGG,AAG
S06,PA,497,R,K,R497K,pre-specified reversion,SRR28752510,0.180584,True,cattle,1490,G,A,AGG,AAG
S06,PA,497,R,K,R497K,pre-specified reversion,SRR28834930,0.996479,False,feline,1490,G,A,AGG,AAG
S06,PA,497,R,K,R497K,pre-specified reversion,SRR28752627,1.0,False,cattle,1490,G,A,AGG,AAG
S06,PA,497,R,G,R497G,other non-synonymous,SRR33830388,0.098351,True,cattle,1489,A,G,AGG,GGG
S06,PA,497,R,K,R497K,pre-specified reversion,SRR29851686,0.998138,False,cattle,1490,G,A,AGG,AAG
S06,PA,497,R,K,R497K,pre-specified reversion,SRR28752452,0.9938724999999999,False,cattle,1490,G,A,AGG,AAG
S06,PA,497,R,K,R497K,pre-specified reversion,SRR28752597,0.9965470000000001,False,cattle,1490,G,A,AGG,AAG
S06,PA,497,R,K,R497K,pre-specified reversion,SRR28752587,1.0,False,cattle,1490,G,A,AGG,AAG
S06,PA,497,R,K,R497K,pre-specified reversion,SRR28752602,0.994247,False,cattle,1490,G,A,AGG,AAG
S06,PA,497,R,K,R497K,pre-specified reversion,SRR31168549,1.0,False,cattle,1490,G,A,AGG,AAG
S06,PA,497,R,K,R497K,pre-specified reversion,SRR29455590,0.9995965,False,cattle,1490,G,A,AGG,AAG
S06,PA,497,R,K,R497K,pre-specified reversion,SRR28752680,0.9686764999999999,False,cattle,1490,G,A,AGG,AAG
S06,PA,497,R,K,R497K,pre-specified reversion,SRR28752623,1.0,False,cattle,1490,G,A,AGG,AAG
S06,PA,497,R,K,R497K,pre-specified reversion,SRR29740741,0.998382,False,cattle,1490,G,A,AGG,AAG
S06,PA,497,R,K,R497K,pre-specified reversion,SRR28752518,1.0,False,cattle,1490,G,A,AGG,AAG
S06,PA,497,R,K,R497K,pre-specified reversion,SRR28752628,1.0,False,cattle,1490,G,A,AGG,AAG
S06,PA,497,R,K,R497K,pre-specified reversion,SRR28752646,0.9964999999999999,False,cattle,1490,G,A,AGG,AAG
S06,PA,497,R,R,R497R,synonymous,SRR32223147,0.0471979,True,cattle,1491,G,A,AGG,AGA
S06,PA,497,R,K,R497K,pre-specified reversion,SRR29851689,0.9985094999999999,False,cattle,1490,G,A,AGG,AAG
S06,PA,497,R,K,R497K,pre-specified reversion,SRR30572435,1.0,False,cattle,1490,G,A,AGG,AAG
S06,PA,497,R,K,R497K,pre-specified reversion,SRR31820965,0.051138699999999995,True,cattle,1490,G,A,AGG,AAG
S06,PA,497,R,K,R497K,pre-specified reversion,SRR28752592,0.997753,False,cattle,1490,G,A,AGG,AAG
S06,PA,497,R,K,R497K,pre-specified reversion,SRR31016533,0.03244965,True,cattle,1490,G,A,AGG,AAG
S06,PA,497,R,K,R497K,pre-specified reversion,SRR29455602,0.9988185,False,cattle,1490,G,A,AGG,AAG
S06,PA,497,R,K,R497K,pre-specified reversion,SRR28752648,0.9969345000000001,False,cattle,1490,G,A,AGG,AAG
S06,PA,497,R,K,R497K,pre-specified reversion,SRR28752632,0.993695,False,cattle,1490,G,A,AGG,AAG
S06,PA,497,R,K,R497K,pre-specified reversion,SRR29455624,1.0,False,cattle,1490,G,A,AGG,AAG
S06,PA,497,R,K,R497K,pre-specified reversion,SRR28752630,1.0,False,cattle,1490,G,A,AGG,AAG
S06,PA,497,R,K,R497K,pre-specified reversion,SRR28752453,0.9137109999999999,False,cattle,1490,G,A,AGG,AAG
S06,PA,497,R,K,R497K,pre-specified reversion,SRR29543376,0.975824,False,cattle,1490,G,A,AGG,AAG
S06,PA,497,R,K,R497K,pre-specified reversion,SRR29455613,0.9978199999999999,False,cattle,1490,G,A,AGG,AAG
S06,PA,497,R,K,R497K,pre-specified reversion,SRR29040275,0.999626,False,feline,1490,G,A,AGG,AAG
S06,PA,497,R,K,R497K,pre-specified reversion,SRR29953263,1.0,False,cattle,1490,G,A,AGG,AAG
S06,PA,497,R,K,R497K,pre-specified reversion,SRR29740742,1.0,False,cattle,1490,G,A,AGG,AAG
S06,PA,497,R,K,R497K,pre-specified reversion,SRR29953210,1.0,False,cattle,1490,G,A,AGG,AAG
S06,PA,497,R,K,R497K,pre-specified reversion,SRR29455593,0.9982795,False,feline,1490,G,A,AGG,AAG
S06,PA,497,R,R,R497R,synonymous,SRR31821122,0.033742,True,cattle,1491,G,A,AGG,AGA
S06,PA,497,R,K,R497K,pre-specified reversion,SRR32973958,0.176653,True,cattle,1490,G,A,AGG,AAG
S06,PA,497,R,K,R497K,pre-specified reversion,SRR29740740,0.9986205,False,cattle,1490,G,A,AGG,AAG
S06,PA,497,R,K,R497K,pre-specified reversion,SRR28980989,0.9992730000000001,False,cattle,1490,G,A,AGG,AAG
S06,PA,497,R,K,R497K,pre-specified reversion,SRR28752591,0.998012,False,cattle,1490,G,A,AGG,AAG
S06,PA,497,R,K,R497K,pre-specified reversion,SRR28752588,0.9986855,False,cattle,1490,G,A,AGG,AAG
S06,PA,497,R,K,R497K,pre-specified reversion,SRR29694577,0.9978119999999999,False,cattle,1490,G,A,AGG,AAG
S06,PA,497,R,K,R497K,pre-specified reversion,SRR28752519,0.9989034999999999,False,cattle,1490,G,A,AGG,AAG
S06,PA,497,R,K,R497K,pre-specified reversion,SRR29851687,0.997089,False,cattle,1490,G,A,AGG,AAG
S06,PA,497,R,K,R497K,pre-specified reversion,SRR29281449,0.998691,False,cattle,1490,G,A,AGG,AAG
S06,PA,497,R,K,R497K,pre-specified reversion,SRR29455645,1.0,False,cattle,1490,G,A,AGG,AAG
S06,PA,497,R,K,R497K,pre-specified reversion,SRR29851693,1.0,False,cattle,1490,G,A,AGG,AAG
S06,PA,497,R,K,R497K,pre-specified reversion,SRR29740674,0.9985955,False,cattle,1490,G,A,AGG,AAG
S06,PA,497,R,K,R497K,pre-specified reversion,SRR29543307,1.0,False,cattle,1490,G,A,AGG,AAG
S06,PA,497,R,K,R497K,pre-specified reversion,SRR28752517,1.0,False,cattle,1490,G,A,AGG,AAG
S06,PA,497,R,K,R497K,pre-specified reversion,SRR28752633,0.9980795,False,cattle,1490,G,A,AGG,AAG
S06,PA,497,R,K,R497K,pre-specified reversion,SRR29953243,0.997225,False,cattle,1490,G,A,AGG,AAG
S06,PA,497,R,K,R497K,pre-specified reversion,SRR29543377,0.8393984999999999,False,cattle,1490,G,A,AGG,AAG
S06,PA,497,R,K,R497K,pre-specified reversion,SRR28752516,1.0,False,cattle,1490,G,A,AGG,AAG
S06,PA,497,R,K,R497K,pre-specified reversion,SRR29694576,1.0,False,cattle,1490,G,A,AGG,AAG
S06,PA,497,R,K,R497K,pre-specified reversion,SRR29740696,0.998535,False,cattle,1490,G,A,AGG,AAG
S06,PA,497,R,R,R497R,synonymous,SRR35586569,0.0353331,True,cattle,1491,G,A,AGG,AGA
S06,PA,497,R,K,R497K,pre-specified reversion,SRR30572436,0.9992165,False,cattle,1490,G,A,AGG,AAG
S06,PA,497,R,K,R497K,pre-specified reversion,SRR33565457,0.983131,False,cattle,1490,G,A,AGG,AAG
S06,PA,497,R,K,R497K,pre-specified reversion,SRR29694575,0.994969,False,cattle,1490,G,A,AGG,AAG
S06,PA,497,R,K,R497K,pre-specified reversion,SRR29953221,1.0,False,cattle,1490,G,A,AGG,AAG
S06,PA,497,R,R,R497R,synonymous,SRR30202022,0.0417786,True,cattle,1491,G,A,AGG,AGA
S06,PA,497,R,K,R497K,pre-specified reversion,SRR29740743,1.0,False,cattle,1490,G,A,AGG,AAG
S06,PA,497,R,R,R497R,synonymous,SRR36202298,0.058631249999999996,True,cattle,1491,G,A,AGG,AGA
S06,PA,497,R,K,R497K,pre-specified reversion,SRR28980988,0.9979745,False,cattle,1490,G,A,AGG,AAG
S06,PA,497,R,K,R497K,pre-specified reversion,SRR29543305,1.0,False,cattle,1490,G,A,AGG,AAG
S06,PA,497,R,K,R497K,pre-specified reversion,SRR28752605,0.9928295,False,cattle,1490,G,A,AGG,AAG
S06,PA,497,R,K,R497K,pre-specified reversion,SRR29543379,0.9753015,False,cattle,1490,G,A,AGG,AAG
S06,PA,497,R,K,R497K,pre-specified reversion,SRR28752515,1.0,False,cattle,1490,G,A,AGG,AAG
S06,PA,497,R,K,R497K,pre-specified reversion,SRR29953232,0.985626,False,cattle,1490,G,A,AGG,AAG
S06,PA,497,R,K,R497K,pre-specified reversion,SRR29543378,0.8051645000000001,False,cattle,1490,G,A,AGG,AAG
S06,PA,497,R,R,R497R,synonymous,SRR31821128,0.05,True,cattle,1491,G,A,AGG,AGA
S06,PA,497,R,K,R497K,pre-specified reversion,SRR31168550,1.0,False,cattle,1490,G,A,AGG,AAG
S06,PA,497,R,K,R497K,pre-specified reversion,SRR29455573,0.9996385,False,cattle,1490,G,A,AGG,AAG
S06,PA,497,R,K,R497K,pre-specified reversion,SRR31605231,0.06378829999999999,True,cattle,1490,G,A,AGG,AAG
S06,PA,497,R,K,R497K,pre-specified reversion,SRR28752601,0.984293,False,cattle,1490,G,A,AGG,AAG
S06,PA,497,R,K,R497K,pre-specified reversion,SRR29455644,0.9998525,False,cattle,1490,G,A,AGG,AAG
S06,PA,497,R,K,R497K,pre-specified reversion,SRR28752585,0.9990764999999999,False,cattle,1490,G,A,AGG,AAG
S06,PA,497,R,K,R497K,pre-specified reversion,SRR28752681,0.8948605000000001,False,cattle,1490,G,A,AGG,AAG
S06,PA,497,R,K,R497K,pre-specified reversion,SRR29040274,0.999151,False,feline,1490,G,A,AGG,AAG
S06,PA,497,R,K,R497K,pre-specified reversion,SRR29455642,1.0,False,cattle,1490,G,A,AGG,AAG
S06,PA,497,R,K,R497K,pre-specified reversion,SRR29740730,0.9984905,False,cattle,1490,G,A,AGG,AAG
S06,PA,497,R,K,R497K,pre-specified reversion,SRR30572424,1.0,False,cattle,1490,G,A,AGG,AAG
S06,PA,497,R,K,R497K,pre-specified reversion,SRR30572418,0.998409,False,cattle,1490,G,A,AGG,AAG
S06,PA,497,R,R,R497R,synonymous,SRR32512942,0.9904845,False,cattle,1491,G,A,AGG,AGA
S06,PA,497,R,K,R497K,pre-specified reversion,SRR29455635,1.0,False,cattle,1490,G,A,AGG,AAG
S06,PA,497,R,K,R497K,pre-specified reversion,SRR30572420,1.0,False,cattle,1490,G,A,AGG,AAG
S06,PA,497,R,K,R497K,pre-specified reversion,SRR29694486,0.9969605,False,cattle,1490,G,A,AGG,AAG
S06,PA,497,R,K,R497K,pre-specified reversion,SRR29953254,1.0,False,cattle,1490,G,A,AGG,AAG
S06,PA,497,R,R,R497R,synonymous,SRR29953254,1.0,False,cattle,1491,G,A,AGG,AGA
S06,PA,497,R,K,R497K,pre-specified reversion,SRR28752514,0.9991205,False,cattle,1490,G,A,AGG,AAG
S06,PA,497,R,K,R497K,pre-specified reversion,SRR29694542,0.9995155,False,cattle,1490,G,A,AGG,AAG
S06,PA,497,R,K,R497K,pre-specified reversion,SRR29455574,0.9983120000000001,False,cattle,1490,G,A,AGG,AAG
S06,PA,497,R,R,R497R,synonymous,SRR31914565,0.04823445,True,cattle,1491,G,A,AGG,AGA
S06,PA,497,R,K,R497K,pre-specified reversion,SRR29740685,0.9993205000000001,False,cattle,1490,G,A,AGG,AAG
S06,PA,497,R,K,R497K,pre-specified reversion,SRR28752594,0.9933905,False,cattle,1490,G,A,AGG,AAG
S06,PA,497,R,K,R497K,pre-specified reversion,SRR28752599,0.994634,False,cattle,1490,G,A,AGG,AAG
S06,PA,497,R,K,R497K,pre-specified reversion,SRR30572416,1.0,False,cattle,1490,G,A,AGG,AAG
S06,PA,497,R,K,R497K,pre-specified reversion,SRR28752535,0.996916,False,cattle,1490,G,A,AGG,AAG
S06,PA,497,R,K,R497K,pre-specified reversion,SRR29740739,0.997187,False,cattle,1490,G,A,AGG,AAG
S06,PA,497,R,K,R497K,pre-specified reversion,SRR29740719,0.9984245,False,cattle,1490,G,A,AGG,AAG
S06,PA,497,R,K,R497K,pre-specified reversion,SRR29040286,1.0,False,feline,1490,G,A,AGG,AAG
S07,HA,238,Q,E,Q238E,other non-synonymous,SRR31820822,0.0359904,True,cattle,712,C,G,CAA,GAA
S07,HA,238,Q,Q,Q238Q,synonymous,SRR34980101,0.0781634,True,cattle,714,A,G,CAA,CAG
S07,HA,238,Q,Q,Q238Q,synonymous,SRR33565467,0.0940227,True,cattle,714,A,G,CAA,CAG
S07,HA,238,Q,Q,Q238Q,synonymous,SRR32125668,0.042618249999999996,True,cattle,714,A,G,CAA,CAG
S07,HA,238,Q,Q,Q238Q,synonymous,SRR31597079,0.06696405,True,cattle,714,A,G,CAA,CAG
S07,HA,238,Q,Q,Q238Q,synonymous,SRR31605280,0.2783095,True,cattle,714,A,G,CAA,CAG
S07,HA,238,Q,Q,Q238Q,synonymous,SRR32125741,0.04458105,True,cattle,714,A,G,CAA,CAG
S07,HA,238,Q,Q,Q238Q,synonymous,SRR29694573,0.0744164,True,cattle,714,A,G,CAA,CAG
S07,HA,238,Q,Q,Q238Q,synonymous,SRR31820845,0.8795355,False,cattle,714,A,G,CAA,CAG
S07,HA,238,Q,Q,Q238Q,synonymous,SRR28912824,0.0962247,True,cattle,714,A,G,CAA,CAG
S07,HA,238,Q,Q,Q238Q,synonymous,SRR34784300,0.07258015000000001,True,cattle,714,A,G,CAA,CAG
S07,HA,238,Q,Q,Q238Q,synonymous,SRR31254309,0.5329515,False,cattle,714,A,G,CAA,CAG
S07,HA,238,Q,Q,Q238Q,synonymous,SRR32125667,0.05269265,True,cattle,714,A,G,CAA,CAG
S07,HA,238,Q,Q,Q238Q,synonymous,SRR32125719,0.04978805,True,cattle,714,A,G,CAA,CAG
S07,HA,238,Q,Q,Q238Q,synonymous,SRR31168541,0.08111475,True,cattle,714,A,G,CAA,CAG
S07,HA,238,Q,Q,Q238Q,synonymous,SRR31820844,0.615786,False,cattle,714,A,G,CAA,CAG
S07,HA,238,Q,Q,Q238Q,synonymous,SRR32125666,0.0424701,True,cattle,714,A,G,CAA,CAG
S07,HA,238,Q,Q,Q238Q,synonymous,SRR32125730,0.04818235,True,cattle,714,A,G,CAA,CAG
S07,HA,238,Q,Q,Q238Q,synonymous,SRR31168540,0.12581900000000001,True,cattle,714,A,G,CAA,CAG
S07,HA,238,Q,K,Q238K,other non-synonymous,SRR31605161,0.03239435,True,cattle,712,C,A,CAA,AAA
S07,HA,238,Q,Q,Q238Q,synonymous,SRR32125676,0.05669525,True,cattle,714,A,G,CAA,CAG
S08,HA,240,G,G,G240G,synonymous,SRR33993030,0.03789155,True,cattle,720,A,G,GGA,GGG
S08,HA,240,G,G,G240G,synonymous,SRR33830426,0.23843999999999999,True,cattle,720,A,G,GGA,GGG
S08,HA,240,G,G,G240G,synonymous,SRR30932711,0.0617066,True,cattle,720,A,G,GGA,GGG
S08,HA,240,G,R,G240R,other non-synonymous,SRR29694566,0.0420456,True,cattle,718,G,A,GGA,AGA
S08,HA,240,G,G,G240G,synonymous,SRR33830436,0.9352244999999999,False,cattle,720,A,G,GGA,GGG
S08,HA,240,G,G,G240G,synonymous,SRR33830435,0.0315824,True,cattle,720,A,G,GGA,GGG
S08,HA,240,G,E,G240E,other non-synonymous,SRR32125695,0.049291699999999994,True,cattle,719,G,A,GGA,GAA
S08,HA,240,G,E,G240E,other non-synonymous,SRR31347710,0.0836234,True,cattle,719,G,A,GGA,GAA
S08,HA,240,G,G,G240G,synonymous,SRR32125659,0.041978299999999996,True,cattle,720,A,C,GGA,GGC
S09,PB1-F2,66,N,S,N66S,pre-specified adaptation,SRR34270196,0.1196895,True,cattle,291,A,G,AAT,AGT
S09,PB1-F2,66,N,S,N66S,pre-specified adaptation,SRR33764544,0.0338294,True,cattle,291,A,G,AAT,AGT
S09,PB1-F2,66,N,N,N66N,synonymous,SRR31254347,0.127642,True,cattle,292,T,C,AAT,AAC
S09,PB1-F2,66,N,D,N66D,other non-synonymous,SRR35088969,0.046257400000000004,True,cattle,290,A,G,AAT,GAT
S09,PB1-F2,66,N,D,N66D,other non-synonymous,SRR30490902,0.037008650000000004,True,cattle,290,A,G,AAT,GAT
S09,PB1-F2,66,N,S,N66S,pre-specified adaptation,SRR32125670,0.06268455,True,cattle,291,A,G,AAT,AGT
S09,PB1-F2,66,N,S,N66S,pre-specified adaptation,SRR33764546,0.118506,True,cattle,291,A,G,AAT,AGT
S09,PB1-F2,66,N,S,N66S,pre-specified adaptation,SRR31605182,0.05839725,True,cattle,291,A,G,AAT,AGT
S09,PB1-F2,66,N,S,N66S,pre-specified adaptation,SRR31820970,0.047209299999999996,True,cattle,291,A,G,AAT,AGT
S10,NS1,92,D,D,D92D,synonymous,SRR29953233,0.032727599999999996,True,cattle,276,C,T,GAC,GAT
S11,M2,31,S,S,S31S,synonymous,SRR31347712,0.7212805,False,cattle,781,T,C,AGT,AGC
S11,M2,31,S,N,S31N,pre-specified adaptation,SRR31605165,0.0514721,True,cattle,780,G,A,AGT,AAT
S11,M2,31,S,S,S31S,synonymous,SRR31605294,0.06634229999999999,True,cattle,781,T,C,AGT,AGC
S11,M2,31,S,S,S31S,synonymous,SRR30811264,0.030383399999999998,True,cattle,781,T,C,AGT,AGC
S11,M2,31,S,N,S31N,pre-specified adaptation,SRR29694527,0.06283405,True,cattle,780,G,A,AGT,AAT
S11,M2,31,S,S,S31S,synonymous,SRR31347751,0.04043075,True,cattle,781,T,C,AGT,AGC
S11,M2,31,S,G,S31G,other non-synonymous,SRR31016558,0.04217295,True,cattle,779,A,G,AGT,GGT
S11,M2,31,S,N,S31N,pre-specified adaptation,SRR31820945,0.04710295,True,cattle,780,G,A,AGT,AAT
S11,M2,31,S,N,S31N,pre-specified adaptation,SRR31605320,0.051067249999999995,True,cattle,780,G,A,AGT,AAT
S11,M2,31,S,N,S31N,pre-specified adaptation,SRR31605144,0.0505529,True,cattle,780,G,A,AGT,AAT
S11,M2,31,S,N,S31N,pre-specified adaptation,SRR31605065,0.08859059999999999,True,cattle,780,G,A,AGT,AAT
S11,M2,31,S,N,S31N,pre-specified adaptation,SRR35088968,0.1513275,True,cattle,780,G,A,AGT,AAT
S11,M2,31,S,N,S31N,pre-specified adaptation,SRR35088952,0.034873249999999995,True,cattle,780,G,A,AGT,AAT
S11,M2,31,S,S,S31S,synonymous,SRR33318636,0.9566060000000001,False,cattle,781,T,C,AGT,AGC
S11,M2,31,S,G,S31G,other non-synonymous,SRR31168541,0.111538,True,cattle,779,A,G,AGT,GGT
S11,M2,31,S,G,S31G,other non-synonymous,SRR31016557,0.036768999999999996,True,cattle,779,A,G,AGT,GGT
S11,M2,31,S,G,S31G,other non-synonymous,SRR35150513,0.0407291,True,cattle,779,A,G,AGT,GGT
S11,M2,31,S,N,S31N,pre-specified adaptation,SRR31821086,0.102181,True,cattle,780,G,A,AGT,AAT
S11,M2,31,S,S,S31S,synonymous,SRR31347749,0.0602991,True,cattle,781,T,C,AGT,AGC
S11,M2,31,S,S,S31S,synonymous,SRR31347748,0.0333491,True,cattle,781,T,C,AGT,AGC
S11,M2,31,S,N,S31N,pre-specified adaptation,SRR35088969,0.09235105,True,cattle,780,G,A,AGT,AAT
S11,M2,31,S,G,S31G,other non-synonymous,SRR31168540,0.16419250000000002,True,cattle,779,A,G,AGT,GGT
S11,M2,31,S,S,S31S,synonymous,SRR31605292,0.086617,True,cattle,781,T,C,AGT,AGC
S11,M2,31,S,N,S31N,pre-specified adaptation,SRR31605133,0.06243345,True,cattle,780,G,A,AGT,AAT
S11,M2,31,S,S,S31S,synonymous,SRR31254333,0.406563,True,cattle,781,T,C,AGT,AGC
S11,M2,31,S,N,S31N,pre-specified adaptation,SRR31605085,0.035265,True,cattle,780,G,A,AGT,AAT
S11,M2,31,S,N,S31N,pre-specified adaptation,SRR34270202,0.44334799999999996,True,cattle,780,G,A,AGT,AAT
S11,M2,31,S,N,S31N,pre-specified adaptation,SRR31596933,0.0463345,True,cattle,780,G,A,AGT,AAT
S11,M2,31,S,S,S31S,synonymous,SRR31254334,0.41528200000000004,True,cattle,781,T,C,AGT,AGC
S11,M2,31,S,G,S31G,other non-synonymous,SRR32125609,0.049160999999999996,True,cattle,779,A,G,AGT,GGT
S11,M2,31,S,G,S31G,other non-synonymous,SRR32223120,0.0348847,True,cattle,779,A,G,AGT,GGT
S11,M2,31,S,S,S31S,synonymous,SRR28912808,0.105211,True,cattle,781,T,C,AGT,AGC
S11,M2,31,S,N,S31N,pre-specified adaptation,SRR31605335,0.032313350000000005,True,cattle,780,G,A,AGT,AAT
S11,M2,31,S,N,S31N,pre-specified adaptation,SRR35088950,0.033549300000000004,True,cattle,780,G,A,AGT,AAT
S11,M2,31,S,N,S31N,pre-specified adaptation,SRR31605155,0.08295949999999999,True,cattle,780,G,A,AGT,AAT
S11,M2,31,S,S,S31S,synonymous,SRR31347715,0.2166775,True,cattle,781,T,C,AGT,AGC
S11,M2,31,S,S,S31S,synonymous,SRR31347750,0.088284,True,cattle,781,T,C,AGT,AGC
